,zero_count,non_zero_count,zero_percentage,min,max,mean,median
Acadian Flycatcher,114661.0,871.0,99.24609631963439,0.0,18.0,0.01335560716688633,0.0
Alder Flycatcher,115517.0,15.0,99.98701658414984,0.0,2.0,0.0001471453724661842,0.0
Allen's Hummingbird,115427.0,105.0,99.90911608904892,0.0,2.0,0.0009174947044812143,0.0
American Avocet,114922.0,610.0,99.47200775542707,0.0,1100.0,0.19614478945732117,0.0
American Bittern,115378.0,154.0,99.86670359727175,0.0,5.0,0.0016445659566670656,0.0
American Black Duck,111746.0,3786.0,96.72298583942111,0.0,2500.0,1.3365474939346313,0.0
American Coot,88604.0,26928.0,76.69217186580342,0.0,493.0,1.0514576435089111,0.0
American Crow,115429.0,103.0,99.91084721116228,0.0,10.0,0.0017224665498360991,0.0
American Flamingo,106179.0,9353.0,91.9044074369006,0.0,250.0,0.643639862537384,0.0
American Golden-Plover,111003.0,4529.0,96.07987397431015,0.0,20.0,0.052868470549583435,0.0
American Goldfinch,114835.0,697.0,99.39670394349618,0.0,26.0,0.01429041288793087,0.0
American Kestrel,115165.0,367.0,99.68233909219957,0.0,259.0,0.03805872052907944,0.0
American Oystercatcher,112789.0,2743.0,97.62576602153516,0.0,28.0,0.051795173436403275,0.0
American Pipit,105658.0,9874.0,91.45345012637192,0.0,1893.0,1.4152356386184692,0.0
American Redstart,112498.0,3034.0,97.37388775404216,0.0,2500.0,0.824983537197113,0.0
American Robin,115441.0,91.0,99.9212339438424,0.0,100.0,0.0038777135778218508,0.0
American White Pelican,115489.0,43.0,99.9627808745629,0.0,5.0,0.0005453034536913037,0.0
American Wigeon,107821.0,7711.0,93.32565869196414,0.0,300.0,0.18531662225723267,0.0
American Woodcock,115331.0,201.0,99.82602222760794,0.0,3.0,0.0019215455977246165,0.0
Anhinga,115153.0,379.0,99.67195235951945,0.0,11.0,0.007339957635849714,0.0
Ash-throated Flycatcher,115484.0,48.0,99.9584530692795,0.0,9.0,0.0006232039886526763,0.0
Bachman's Sparrow,107773.0,7759.0,93.28411176124364,0.0,50.0,0.10014541447162628,0.0
Baird's Sandpiper,113389.0,2143.0,98.14510265554132,0.0,28.0,0.06594710052013397,0.0
Bald Eagle,115175.0,357.0,99.69099470276633,0.0,80.0,0.008655610494315624,0.0
Baltimore Oriole,104917.0,10615.0,90.81206938337431,0.0,300.0,0.5624242424964905,0.0
Band-rumped Storm-Petrel,113743.0,1789.0,98.45151126960496,0.0,9.0,0.022400720044970512,0.0
Bank Swallow,114990.0,542.0,99.5308659072811,0.0,21.0,0.010386732406914234,0.0
Barn Swallow,115506.0,26.0,99.9774954125264,0.0,2.0,0.00024235709861386567,0.0
Barred Owl,105470.0,10062.0,91.29072464771664,0.0,15.0,0.10325277596712112,0.0
Bay-breasted Warbler,115289.0,243.0,99.7896686632275,0.0,54.0,0.014896306209266186,0.0
Bell's Vireo,112406.0,3126.0,97.2942561368279,0.0,2500.0,1.7003514766693115,0.0
Belted Kingfisher,115519.0,13.0,99.9887477062632,0.0,2.0,0.00020773465803358704,0.0
Black Scoter,114513.0,1019.0,99.1179932832462,0.0,4000.0,0.3767700791358948,0.0
Black Skimmer,109087.0,6445.0,94.42145898971714,0.0,200.0,0.27822595834732056,0.0
Black Swan,112130.0,3402.0,97.05536128518506,0.0,26.0,0.05458227917551994,0.0
Black Tern,111783.0,3749.0,96.75501159851817,0.0,130.0,0.12224318832159042,0.0
Black Vulture,108508.0,7024.0,93.92029913790118,0.0,10000.0,2.1129209995269775,0.0
Black-and-white Warbler,115407.0,125.0,99.89180486791538,0.0,3.0,0.0011511961929500103,0.0
Black-bellied Plover,114925.0,607.0,99.4746044385971,0.0,3.0,0.005911781918257475,0.0
Black-bellied Whistling-Duck,113949.0,1583.0,98.62981684728041,0.0,66.0,0.040845826268196106,0.0
Black-billed Cuckoo,115480.0,52.0,99.9549908250528,0.0,2.0,0.00046740297693759203,0.0
Black-capped Vireo,115503.0,29.0,99.97489872935637,0.0,1.0,0.00025101270875893533,0.0
Black-chinned Hummingbird,114073.0,1459.0,98.73714641830836,0.0,750.0,0.1492573469877243,0.0
Black-crowned Night Heron,115458.0,74.0,99.93594848180591,0.0,2.0,0.000701104465406388,0.0
Black-headed Grosbeak,115513.0,19.0,99.98355433992315,0.0,1.0,0.00016445660730823874,0.0
Black-headed Gull,114326.0,1206.0,98.95613336564762,0.0,22.0,0.018142160028219223,0.0
Black-legged Kittiwake,115457.0,75.0,99.93508292074922,0.0,2.0,0.0006751376204192638,0.0
Black-necked Stilt,115088.0,444.0,99.61569089083544,0.0,10.0,0.005227988585829735,0.0
Black-throated Blue Warbler,115145.0,387.0,99.66502787106603,0.0,7.0,0.004803863819688559,0.0
Black-throated Gray Warbler,111617.0,3915.0,96.61132846310979,0.0,100.0,0.09611190110445023,0.0
Black-throated Green Warbler,59115.0,56417.0,51.16764186545719,0.0,104.0,1.6132327318191528,0.0
Black-whiskered Vireo,102286.0,13246.0,88.53477824325728,0.0,90.0,0.2556261420249939,0.0
Blackburnian Warbler,112479.0,3053.0,97.3574420939653,0.0,10.0,0.03625835105776787,0.0
Blackpoll Warbler,112873.0,2659.0,97.69847315029601,0.0,1200.0,0.39177024364471436,0.0
Blue Grosbeak,114812.0,720.0,99.37679603919261,0.0,15.0,0.009529827162623405,0.0
Blue Jay,109208.0,6324.0,94.52619187757504,0.0,1000.0,0.4551120102405548,0.0
Blue-gray Gnatcatcher,115300.0,232.0,99.79918983485095,0.0,80.0,0.014714538119733334,0.0
Blue-headed Vireo,113997.0,1535.0,98.6713637780009,0.0,2410.0,0.41616174578666687,0.0
Blue-winged Teal,115494.0,38.0,99.96710867984628,0.0,120.0,0.0054357233457267284,0.0
Blue-winged Warbler,115504.0,28.0,99.97576429041305,0.0,8.0,0.000701104465406388,0.0
Boat-tailed Grackle,115493.0,39.0,99.9662431187896,0.0,1.0,0.0003375688102096319,0.0
Bobolink,115474.0,58.0,99.94979745871274,0.0,2.0,0.0005626147030852735,0.0
Bonaparte's Gull,114643.0,889.0,99.2305162206142,0.0,75.0,0.013269050978124142,0.0
Brewer's Blackbird,114718.0,814.0,99.29543329986498,0.0,48.0,0.01667936146259308,0.0
Bridled Tern,115496.0,36.0,99.96883980195963,0.0,9.0,0.0005799258942715824,0.0
Broad-billed Hummingbird,115459.0,73.0,99.9368140428626,0.0,3.0,0.0007270713103935122,0.0
Broad-tailed Hummingbird,115488.0,44.0,99.96191531350621,0.0,6.0,0.0005366478580981493,0.0
Broad-winged Hawk,90767.0,24765.0,78.56438043139563,0.0,4000.0,3.2868902683258057,0.0
Bronzed Cowbird,94873.0,20659.0,82.11837413011114,0.0,19.0,0.2965671718120575,0.0
Brown Booby,115499.0,33.0,99.97143648512966,0.0,2.0,0.0003029463696293533,0.0
Brown Creeper,106535.0,8997.0,92.21254717307758,0.0,2000.0,0.6380569934844971,0.0
Brown Noddy,108237.0,7295.0,93.68573209154174,0.0,23.0,0.1452411413192749,0.0
Brown Pelican,114738.0,794.0,99.3127445209985,0.0,3.0,0.00704566715285182,0.0
Brown Thrasher,115455.0,77.0,99.93335179863587,0.0,13.0,0.0016445659566670656,0.0
Brown-crested Flycatcher,112226.0,3306.0,97.13845514662604,0.0,600.0,0.28026002645492554,0.0
Brown-headed Cowbird,115253.0,279.0,99.75850846518713,0.0,4.0,0.0030208081007003784,0.0
Brown-headed Nuthatch,115342.0,190.0,99.83554339923138,0.0,2.0,0.0016532216686755419,0.0
Budgerigar,109378.0,6154.0,94.67333725721012,0.0,340.0,0.7292611598968506,0.0
Buff-bellied Hummingbird,115416.0,116.0,99.89959491742547,0.0,4.0,0.0011511961929500103,0.0
Buff-breasted Sandpiper,115447.0,85.0,99.92642731018246,0.0,56.0,0.0024235709570348263,0.0
Bufflehead,115335.0,197.0,99.82948447183463,0.0,5.0,0.00220718071796,0.0
Bullock's Oriole,75421.0,40111.0,65.28148045563134,0.0,40.0,0.89967280626297,0.0
Burrowing Owl,73099.0,42433.0,63.271647682027485,0.0,42.0,0.8023058772087097,0.0
Calliope Hummingbird,111248.0,4284.0,96.291936433196,0.0,600.0,0.21036596596240997,0.0
Canada Goose,115510.0,22.0,99.9809576567531,0.0,6.0,0.0003029463696293533,0.0
Canada Warbler,110783.0,4749.0,95.88945054184123,0.0,750.0,0.7297632098197937,0.0
Canvasback,115285.0,247.0,99.7862064190008,0.0,6.0,0.0027005504816770554,0.0
Cape May Warbler,114852.0,680.0,99.41141848145968,0.0,7.0,0.008491153828799725,0.0
Carolina Chickadee,105290.0,10242.0,91.1349236575148,0.0,300.0,0.33308520913124084,0.0
Carolina Wren,106462.0,9070.0,92.14936121594017,0.0,150.0,0.5190596580505371,0.0
Caspian Tern,115038.0,494.0,99.57241283800158,0.0,11.0,0.006889866199344397,0.0
Cassin's Kingbird,112123.0,3409.0,97.04930235778832,0.0,275.0,0.07200602442026138,0.0
Cave Swallow,115484.0,48.0,99.9584530692795,0.0,4.0,0.00045874735224060714,0.0
Cedar Waxwing,114088.0,1444.0,98.7501298341585,0.0,300.0,0.08934321254491806,0.0
Cerulean Warbler,112141.0,3391.0,97.0648824568085,0.0,220.0,0.21400997042655945,0.0
Chestnut-sided Warbler,115341.0,191.0,99.8346778381747,0.0,30.0,0.003981580957770348,0.0
Chimney Swift,101678.0,13854.0,88.0085171207977,0.0,2950.0,1.0126631259918213,0.0
Chipping Sparrow,111660.0,3872.0,96.64854758854689,0.0,16.0,0.07912959158420563,0.0
Chuck-will's-widow,110018.0,5514.0,95.22729633348337,0.0,355.0,0.21493612229824066,0.0
Cinnamon Teal,114058.0,1474.0,98.7241630024582,0.0,190.0,0.02907419577240944,0.0
Clapper Rail,114646.0,886.0,99.23311290378423,0.0,1000.0,0.05500640347599983,0.0
Clay-colored Sparrow,107507.0,8025.0,93.05387252016757,0.0,140.0,0.16726967692375183,0.0
Cliff Swallow,110922.0,4610.0,96.00976352871932,0.0,5.0,0.04321746528148651,0.0
Common Gallinule,115521.0,11.0,99.99047882837655,0.0,1.0,9.521171887172386e-05,0.0
Common Goldeneye,114735.0,797.0,99.31014783782848,0.0,23.0,0.02432226575911045,0.0
Common Grackle,115266.0,266.0,99.76976075892394,0.0,29.0,0.003938302863389254,0.0
Common Ground Dove,96568.0,18964.0,83.58550012117854,0.0,10000.0,2.069937229156494,0.0
Common Loon,88432.0,27100.0,76.54329536405497,0.0,24.0,0.3695772588253021,0.0
Common Merganser,113244.0,2288.0,98.01959630232317,0.0,2500.0,0.569443941116333,0.0
Common Nighthawk,90433.0,25099.0,78.27528303846553,0.0,54.0,0.6589256525039673,0.0
Common Tern,108475.0,7057.0,93.89173562303085,0.0,763.0,0.21729910373687744,0.0
Common Yellowthroat,112638.0,2894.0,97.49506630197693,0.0,150.0,0.10397984832525253,0.0
Connecticut Warbler,101790.0,13742.0,88.10545995914552,0.0,27.0,0.21294532716274261,0.0
Cooper's Hawk,114780.0,752.0,99.34909808537894,0.0,9.0,0.007322646677494049,0.0
Couch's Kingbird,100951.0,14581.0,87.37925423259357,0.0,30.0,0.2570716440677643,0.0
Crested Caracara,115521.0,11.0,99.99047882837655,0.0,3.0,0.00011252293916186318,0.0
Dark-eyed Junco,112781.0,2751.0,97.61884153308175,0.0,21.0,0.041174739599227905,0.0
Dickcissel,108167.0,7365.0,93.62514281757434,0.0,40.0,0.15967869758605957,0.0
Double-crested Cormorant,110591.0,4941.0,95.72326281895926,0.0,2000.0,0.2537911534309387,0.0
Downy Woodpecker,96160.0,19372.0,83.23235121005436,0.0,4000.0,2.0038864612579346,0.0
Dunlin,115189.0,343.0,99.70311255755982,0.0,44.0,0.00573001429438591,0.0
Eared Grebe,96046.0,19486.0,83.13367724959319,0.0,900.0,0.7748242616653442,0.0
Eastern Bluebird,115509.0,23.0,99.98009209569642,0.0,2.0,0.00020773465803358704,0.0
Eastern Kingbird,107999.0,7533.0,93.47972856005262,0.0,1500.0,0.5244434475898743,0.0
Eastern Meadowlark,115522.0,10.0,99.99134438943324,0.0,3.0,0.00010386732901679352,0.0
Eastern Phoebe,115417.0,115.0,99.90046047848216,0.0,29.0,0.002077346434816718,0.0
Eastern Screech-Owl,115487.0,45.0,99.96104975244954,0.0,9.0,0.001081951311789453,0.0
Eastern Towhee,114673.0,859.0,99.25648305231451,0.0,3300.0,0.24008066952228546,0.0
Eastern Whip-poor-will,115490.0,42.0,99.96364643561957,0.0,2.0,0.00038084687548689544,0.0
Eastern Wood-Pewee,115318.0,214.0,99.81476993387113,0.0,40.0,0.007011044770479202,0.0
Elegant Tern,115507.0,25.0,99.97836097358308,0.0,1.0,0.0002163902681786567,0.0
Eurasian Collared-Dove,114902.0,630.0,99.45469653429353,0.0,13.0,0.0096596609801054,0.0
European Herring Gull,115357.0,175.0,99.84852681508154,0.0,4.0,0.0018523007165640593,0.0
European Starling,115506.0,26.0,99.9774954125264,0.0,2.0,0.0002769795246422291,0.0
Evening Grosbeak,101868.0,13664.0,88.17297372156632,0.0,100.0,0.29309627413749695,0.0
Field Sparrow,115484.0,48.0,99.9584530692795,0.0,1.0,0.0004154693160671741,0.0
Fish Crow,115238.0,294.0,99.74552504933698,0.0,6.0,0.003453588578850031,0.0
Fork-tailed Flycatcher,114951.0,581.0,99.49710902607069,0.0,14.0,0.007357269059866667,0.0
Forster's Tern,115355.0,177.0,99.84679569296819,0.0,10.0,0.0036526676267385483,0.0
Fox Sparrow,115378.0,154.0,99.86670359727175,0.0,4.0,0.001402208930812776,0.0
Franklin's Gull,89497.0,26035.0,77.46511788941592,0.0,200.0,0.5396600365638733,0.0
Fulvous Whistling-Duck,104517.0,11015.0,90.46584496070352,0.0,16.0,0.17343246936798096,0.0
Gadwall,92026.0,23506.0,79.6541218017519,0.0,278.0,0.6161583065986633,0.0
Glaucous Gull,113738.0,1794.0,98.44718346432157,0.0,5.0,0.022469965741038322,0.0
Glossy Ibis,115521.0,11.0,99.99047882837655,0.0,3.0,0.00018176782759837806,0.0
Golden Eagle,115240.0,292.0,99.74725617145033,0.0,60.0,0.012213066220283508,0.0
Golden Pheasant,115482.0,50.0,99.95672194716614,0.0,152.0,0.004085448104888201,0.0
Golden-crowned Kinglet,113641.0,1891.0,98.36322404182391,0.0,60.0,0.05272132530808449,0.0
Golden-winged Warbler,109610.0,5922.0,94.87414742235917,0.0,54.0,0.08747360110282898,0.0
Grasshopper Sparrow,115138.0,394.0,99.6589689436693,0.0,5000.0,0.30755114555358887,0.0
Gray Catbird,115475.0,57.0,99.95066301976941,0.0,4.0,0.000614548334851861,0.0
Gray Flycatcher,114097.0,1435.0,98.75791988366859,0.0,80.0,0.04457639530301094,0.0
Gray Kingbird,115004.0,528.0,99.54298376207458,0.0,4.0,0.005331856198608875,0.0
Gray-cheeked Thrush,115518.0,14.0,99.98788214520651,0.0,1.0,0.00012117854930693284,0.0
Graylag Goose,115521.0,11.0,99.99047882837655,0.0,11.0,0.00039815809577703476,0.0
Great Black-backed Gull,115447.0,85.0,99.92642731018246,0.0,16.0,0.001843645004555583,0.0
Great Blue Heron,113372.0,2160.0,98.13038811757781,0.0,8.0,0.024235710501670837,0.0
Great Cormorant,114287.0,1245.0,98.92237648443721,0.0,100.0,0.062017448246479034,0.0
Great Crested Flycatcher,111701.0,3831.0,96.68403559187065,0.0,65.0,0.08632240444421768,0.0
Great Egret,114448.0,1084.0,99.06173181456221,0.0,500.0,0.054227400571107864,0.0
Great Horned Owl,115509.0,23.0,99.98009209569642,0.0,14.0,0.0006837932160124183,0.0
Great Kiskadee,90019.0,25513.0,77.91694076100129,0.0,100.0,0.6990790367126465,0.0
Great Shearwater,99164.0,16368.0,85.83249662431189,0.0,132.0,0.8505609035491943,0.0
Great-tailed Grackle,115521.0,11.0,99.99047882837655,0.0,1.0,9.521171887172386e-05,0.0
Greater Scaup,113708.0,1824.0,98.42121663262127,0.0,14.0,0.03786829486489296,0.0
Greater White-fronted Goose,115505.0,27.0,99.97662985146972,0.0,4.0,0.0002769795246422291,0.0
Greater Yellowlegs,109126.0,6406.0,94.45521587092753,0.0,2000.0,0.3169771134853363,0.0
Green Heron,114686.0,846.0,99.26773534605131,0.0,28.0,0.01308728288859129,0.0
Green-winged Teal,104457.0,11075.0,90.4139112973029,0.0,223.0,0.4016203284263611,0.0
Groove-billed Ani,114988.0,544.0,99.52913478516776,0.0,16.0,0.01108783669769764,0.0
Gull-billed Tern,115443.0,89.0,99.92296506595575,0.0,3.0,0.000848249823320657,0.0
Hairy Woodpecker,83916.0,31616.0,72.63442163210193,0.0,10200.0,9.14333724975586,0.0
Harris's Sparrow,115514.0,18.0,99.98441990097982,0.0,7.0,0.0002163902681786567,0.0
Helmeted Guineafowl,115336.0,196.0,99.83035003289132,0.0,4.0,0.0019128898857161403,0.0
Henslow's Sparrow,113137.0,2395.0,97.92698126925873,0.0,1000.0,0.37570542097091675,0.0
Hermit Thrush,111087.0,4445.0,96.15258110307101,0.0,600.0,0.5378163456916809,0.0
Hooded Merganser,115270.0,262.0,99.77322300315065,0.0,18.0,0.003687290009111166,0.0
Hooded Oriole,115484.0,48.0,99.9584530692795,0.0,1.0,0.0004154693160671741,0.0
Hooded Warbler,113475.0,2057.0,98.21954090641553,0.0,8000.0,0.7983415722846985,0.0
Horned Grebe,114098.0,1434.0,98.75878544472528,0.0,450.0,0.08282553404569626,0.0
Horned Lark,115246.0,286.0,99.7524495377904,0.0,9.0,0.005219333339482546,0.0
House Finch,115490.0,42.0,99.96364643561957,0.0,2.0,0.00038084687548689544,0.0
House Sparrow,107477.0,8055.0,93.02790568846726,0.0,635.0,0.200498566031456,0.0
Hudsonian Godwit,109046.0,6486.0,94.38597098639337,0.0,11.0,0.07505279779434204,0.0
Iceland Gull,115521.0,11.0,99.99047882837655,0.0,12.0,0.00020773465803358704,0.0
Inca Dove,115204.0,328.0,99.71609597340996,0.0,550.0,0.05306755006313324,0.0
Indian Peafowl,115499.0,33.0,99.97143648512966,0.0,3.0,0.00031160199432633817,0.0
Indigo Bunting,115016.0,516.0,99.5533704947547,0.0,6.0,0.005721358582377434,0.0
Kentucky Warbler,115522.0,10.0,99.99134438943324,0.0,1.0,8.65561087266542e-05,0.0
Killdeer,114548.0,984.0,99.14828792022989,0.0,329.0,0.059818923473358154,0.0
King Rail,113797.0,1735.0,98.49825156666552,0.0,55.0,0.031125575304031372,0.0
Lapland Longspur,109684.0,5848.0,94.93819894055326,0.0,200.0,0.4132707715034485,0.0
Lark Sparrow,114840.0,692.0,99.40103174877956,0.0,35.0,0.024962780997157097,0.0
Laughing Gull,113144.0,2388.0,97.93304019665547,0.0,70.0,0.05105078965425491,0.0
LeConte's Sparrow,114750.0,782.0,99.32313125367862,0.0,8.0,0.007106256205588579,0.0
Least Flycatcher,110870.0,4662.0,95.96475435377212,0.0,130.0,0.08479901403188705,0.0
Least Sandpiper,114764.0,768.0,99.33524910847211,0.0,70.0,0.03592078387737274,0.0
Least Tern,113811.0,1721.0,98.51036942145899,0.0,102.0,0.06130769103765488,0.0
Lesser Black-backed Gull,66099.0,49433.0,57.212720285288924,0.0,310.0,1.6175345182418823,0.0
Lesser Goldfinch,112946.0,2586.0,97.76165910743345,0.0,94.0,0.13735587894916534,0.0
Lesser Scaup,115381.0,151.0,99.86930028044179,0.0,4.0,0.001549354288727045,0.0
Lesser Yellowlegs,115449.0,83.0,99.92815843229582,0.0,2.0,0.0007876605377532542,0.0
Limpkin,115335.0,197.0,99.82948447183463,0.0,30.0,0.0044403281062841415,0.0
Lincoln's Sparrow,115339.0,193.0,99.83294671606136,0.0,62.0,0.007322646677494049,0.0
Little Blue Heron,114533.0,999.0,99.13530450437975,0.0,16.0,0.018860574811697006,0.0
Loggerhead Shrike,52718.0,62814.0,45.630647785894816,0.0,70.0,2.2325503826141357,1.0
Long-billed Curlew,110308.0,5224.0,95.47830903991968,0.0,17.0,0.05833881348371506,0.0
Long-billed Dowitcher,114750.0,782.0,99.32313125367862,0.0,500.0,0.07519128918647766,0.0
Long-tailed Duck,112998.0,2534.0,97.80666828238064,0.0,39.0,0.028468303382396698,0.0
Louisiana Waterthrush,110598.0,4934.0,95.72932174635599,0.0,23.0,0.07094138115644455,0.0
MacGillivray's Warbler,61884.0,53648.0,53.564380431395634,0.0,52.0,1.1043606996536255,0.0
Magnificent Frigatebird,110094.0,5438.0,95.29307897379081,0.0,30.0,0.10964927822351456,0.0
Magnolia Warbler,115428.0,104.0,99.90998165010559,0.0,160.0,0.006863899063318968,0.0
Mallard,113618.0,1914.0,98.34331613752035,0.0,800.0,0.06090953201055527,0.0
Marbled Godwit,114794.0,738.0,99.36121594017241,0.0,1000.0,0.11570820212364197,0.0
Marsh Wren,114327.0,1205.0,98.95699892670429,0.0,25.0,0.01665339432656765,0.0
Masked Booby,115458.0,74.0,99.93594848180591,0.0,2.0,0.000657826429232955,0.0
Merlin,107712.0,7820.0,93.23131253678635,0.0,35.0,0.1182529479265213,0.0
Mississippi Kite,111995.0,3537.0,96.93851054253368,0.0,130.0,0.08957691490650177,0.0
Monk Parakeet,95136.0,20396.0,82.34601668801717,0.0,39.0,0.30346569418907166,0.0
Mottled Duck,114527.0,1005.0,99.13011113803968,0.0,21.0,0.013156527653336525,0.0
Mourning Dove,115520.0,12.0,99.98961326731988,0.0,1.0,0.00010386732901679352,0.0
Mourning Warbler,113315.0,2217.0,98.08105113734723,0.0,20.0,0.037132568657398224,0.0
Muscovy Duck,109884.0,5648.0,95.11131115188866,0.0,75.0,0.1386282593011856,0.0
Mute Swan,115521.0,11.0,99.99047882837655,0.0,1.0,9.521171887172386e-05,0.0
Nashville Warbler,114929.0,603.0,99.47806668282381,0.0,121.0,0.03620642051100731,0.0
Nelson's Sparrow,114854.0,678.0,99.41314960357303,0.0,3.0,0.006344562396407127,0.0
Neotropic Cormorant,115252.0,280.0,99.75764290413046,0.0,6.0,0.0029948411975055933,0.0
Northern Bobwhite,109460.0,6072.0,94.74431326385763,0.0,151.0,0.21341273188591003,0.0
Northern Cardinal,108419.0,7113.0,93.84326420385693,0.0,8.0,0.08055777102708817,0.0
Northern Flicker,112880.0,2652.0,97.70453207769276,0.0,210.0,0.24076446890830994,0.0
Northern Gannet,102817.0,12715.0,88.99439116435273,0.0,100.0,0.27921268343925476,0.0
Northern Harrier,114661.0,871.0,99.24609631963439,0.0,35.0,0.020271439105272293,0.0
Northern House Wren,114544.0,988.0,99.1448256760032,0.0,20.0,0.014498148113489151,0.0
Northern Mockingbird,111766.0,3766.0,96.74029706055465,0.0,40.0,0.0913945883512497,0.0
Northern Parula,113392.0,2140.0,98.14769933871135,0.0,94.0,0.08536162972450256,0.0
Northern Pintail,114312.0,1220.0,98.94401551085413,0.0,67.0,0.04074195772409439,0.0
Northern Rough-winged Swallow,106817.0,8715.0,92.45663539106049,0.0,3200.0,0.4850257933139801,0.0
Northern Shoveler,115436.0,96.0,99.91690613855901,0.0,12.0,0.0017917114309966564,0.0
Northern Waterthrush,115121.0,411.0,99.64425440570578,0.0,1930.0,0.05363016203045845,0.0
Olive-sided Flycatcher,77708.0,37824.0,67.2610185922515,0.0,27.0,0.5386559367179871,0.0
Orange-crowned Warbler,112475.0,3057.0,97.35397984973861,0.0,510.0,0.1832565814256668,0.0
Orchard Oriole,114499.0,1033.0,99.10587542845273,0.0,9.0,0.013217117637395859,0.0
Osprey,114975.0,557.0,99.51788249143094,0.0,12.0,0.012974760495126247,0.0
Ovenbird,109880.0,5652.0,95.10784890766195,0.0,200.0,0.1552470326423645,0.0
Pacific Loon,111211.0,4321.0,96.25991067409895,0.0,23.0,0.05826091393828392,0.0
Painted Bunting,115520.0,12.0,99.98961326731988,0.0,1.0,0.00010386732901679352,0.0
Palm Warbler,115515.0,17.0,99.98528546203649,0.0,2.0,0.0001731122174533084,0.0
Parasitic Jaeger,107796.0,7736.0,93.30401966554722,0.0,10.0,0.08316310495138168,0.0
Pectoral Sandpiper,109708.0,5824.0,94.95897240591351,0.0,10.0,0.06469203531742096,0.0
Peregrine Falcon,85816.0,29716.0,74.27898763978811,0.0,30000.0,5.488011837005615,0.0
Philadelphia Vireo,114073.0,1459.0,98.73714641830836,0.0,16.0,0.017977703362703323,0.0
Pied-billed Grebe,114844.0,688.0,99.40449399300627,0.0,800.0,0.0922514945268631,0.0
Pileated Woodpecker,106792.0,8740.0,92.43499636464357,0.0,8300.0,1.3382526636123657,0.0
Pin-tailed Whydah,114257.0,1275.0,98.8964096527369,0.0,500.0,0.1950022578239441,0.0
Pine Siskin,108576.0,6956.0,93.97915728975522,0.0,300.0,0.805880606174469,0.0
Pine Warbler,112510.0,3022.0,97.38427448672229,0.0,300.0,0.07768410444259644,0.0
Piping Plover,114627.0,905.0,99.21666724370736,0.0,90.0,0.03524564579129219,0.0
Pomarine Jaeger,115483.0,49.0,99.95758750822283,0.0,4.0,0.0005626147030852735,0.0
Prairie Warbler,103394.0,12138.0,89.49381989405532,0.0,5350.0,2.0532493591308594,0.0
Prothonotary Warbler,102930.0,12602.0,89.09219956375722,0.0,46.0,0.2301526814699173,0.0
Purple Finch,100751.0,14781.0,87.20614202125819,0.0,60.0,0.2978482246398926,0.0
Purple Gallinule,115095.0,437.0,99.62174981823217,0.0,470.0,0.04132188484072685,0.0
Purple Martin,111582.0,3950.0,96.58103382612609,0.0,101.0,0.1431724578142166,0.0
Purple Sandpiper,113932.0,1600.0,98.61510230931691,0.0,6.0,0.01882595382630825,0.0
Red Fody,115411.0,121.0,99.8952671121421,0.0,300.0,0.019215455278754234,0.0
Red Junglefowl,107824.0,7708.0,93.32825537513416,0.0,360.0,1.0989595651626587,0.0
Red Knot,115184.0,348.0,99.69878475227642,0.0,51.0,0.010542533360421658,0.0
Red Phalarope,111795.0,3737.0,96.76539833119828,0.0,4380.0,0.6372693181037903,0.0
Red-bellied Woodpecker,112628.0,2904.0,97.48641069141017,0.0,450.0,0.13237890601158142,0.0
Red-billed Tropicbird,115492.0,40.0,99.96537755773292,0.0,3.0,0.00039815809577703476,0.0
Red-breasted Merganser,112496.0,3036.0,97.37215663192882,0.0,63.0,0.19633521139621735,0.0
Red-breasted Nuthatch,113411.0,2121.0,98.16414499878822,0.0,80.0,0.05293771252036095,0.0
Red-cockaded Woodpecker,115283.0,249.0,99.78447529688744,0.0,30.0,0.005314544774591923,0.0
Red-eyed Vireo,114949.0,583.0,99.49537790395735,0.0,36.0,0.014489492401480675,0.0
Red-footed Booby,114725.0,807.0,99.30149222726172,0.0,30.0,0.014550081454217434,0.0
Red-headed Woodpecker,112871.0,2661.0,97.69674202818267,0.0,150.0,0.13771076500415802,0.0
Red-necked Grebe,114257.0,1275.0,98.8964096527369,0.0,800.0,0.13964961469173431,0.0
Red-necked Phalarope,114763.0,769.0,99.33438354741544,0.0,34.0,0.007850638590753078,0.0
Red-shouldered Hawk,115492.0,40.0,99.96537755773292,0.0,2.0,0.00037219125078991055,0.0
Red-tailed Hawk,114180.0,1352.0,98.82976145137278,0.0,2980.0,0.20717203617095947,0.0
Red-throated Loon,115384.0,148.0,99.87189696361182,0.0,300.0,0.00809299573302269,0.0
Red-winged Blackbird,101659.0,13873.0,87.99207146072085,0.0,500.0,0.4458591639995575,0.0
Reddish Egret,114039.0,1493.0,98.70771734238133,0.0,24.0,0.040309179574251175,0.0
Redhead,114745.0,787.0,99.31880344839526,0.0,10.0,0.011511961929500103,0.0
Ring-billed Gull,112685.0,2847.0,97.53574767164076,0.0,47.0,0.05086902156472206,0.0
Ring-necked Duck,115462.0,70.0,99.93941072603262,0.0,55.0,0.002570716431364417,0.0
Ring-necked Pheasant,114503.0,1029.0,99.10933767267943,0.0,85.0,0.0386386439204216,0.0
Ringed Teal,115492.0,40.0,99.96537755773292,0.0,1.0,0.0003462244349066168,0.0
Rock Pigeon,113077.0,2455.0,97.87504760585811,0.0,135.0,0.03431084007024765,0.0
Rose-breasted Grosbeak,115505.0,27.0,99.97662985146972,0.0,3.0,0.00031160199432633817,0.0
Roseate Spoonbill,115115.0,417.0,99.63906103936571,0.0,230.0,0.018817298114299774,0.0
Ross's Goose,109906.0,5626.0,95.13035349513555,0.0,120.0,0.1006474420428276,0.0
Rosy-faced Lovebird,115463.0,69.0,99.94027628708929,0.0,10.0,0.001419520121999085,0.0
Royal Tern,115489.0,43.0,99.9627808745629,0.0,12.0,0.0008915278594940901,0.0
Ruby-crowned Kinglet,114157.0,1375.0,98.80985354706921,0.0,66.0,0.02308451384305954,0.0
Ruby-throated Hummingbird,115152.0,380.0,99.67108679846277,0.0,7.0,0.004786552861332893,0.0
Ruddy Duck,114631.0,901.0,99.22012948793409,0.0,31.0,0.014974206686019897,0.0
Ruddy Turnstone,110194.0,5338.0,95.3796350794585,0.0,135.0,0.17583006620407104,0.0
Rufous Hummingbird,115309.0,223.0,99.80697988436104,0.0,15.0,0.00488176429644227,0.0
Rusty Blackbird,113691.0,1841.0,98.40650209465775,0.0,75.0,0.033549144864082336,0.0
Sabine's Gull,110913.0,4619.0,96.00197347920923,0.0,200000.0,4.292204856872559,0.0
Sanderling,111103.0,4429.0,96.16643007997784,0.0,300.0,0.0833968073129654,0.0
Sandhill Crane,115489.0,43.0,99.9627808745629,0.0,1.0,0.00037219125078991055,0.0
Sandwich Tern,89731.0,25801.0,77.66765917667833,0.0,50.0,0.4683637320995331,0.0
Sargasso Shearwater,102047.0,13485.0,88.32790915071149,0.0,400.0,0.41072604060173035,0.0
Savannah Sparrow,115486.0,46.0,99.96018419139287,0.0,13.0,0.0006664820248261094,0.0
Say's Phoebe,114905.0,627.0,99.45729321746356,0.0,34.0,0.008482498116791248,0.0
Scaly-breasted Munia,114889.0,643.0,99.44344424055673,0.0,7.0,0.006301284302026033,0.0
Scarlet Macaw,115183.0,349.0,99.69791919121975,0.0,25.0,0.00809299573302269,0.0
Scarlet Tanager,115126.0,406.0,99.64858221098916,0.0,29.0,0.008378631435334682,0.0
Scissor-tailed Flycatcher,115467.0,65.0,99.943738531316,0.0,3.0,0.0005885814898647368,0.0
Scopoli's Shearwater,115459.0,73.0,99.9368140428626,0.0,3.0,0.0006924488698132336,0.0
Seaside Sparrow,115517.0,15.0,99.98701658414984,0.0,1.0,0.00012983415217604488,0.0
Sedge Wren,115069.0,463.0,99.59924523075858,0.0,14.0,0.00729667954146862,0.0
Semipalmated Plover,114311.0,1221.0,98.94314994979746,0.0,3000.0,0.26583975553512573,0.0
Semipalmated Sandpiper,115352.0,180.0,99.84419900979815,0.0,2.0,0.001566665479913354,0.0
Sharp-shinned Hawk,115123.0,409.0,99.64598552781914,0.0,217.0,0.016437005251646042,0.0
Shiny Cowbird,108101.0,7431.0,93.56801578783367,0.0,1000.0,1.0004154443740845,0.0
Short-billed Dowitcher,115517.0,15.0,99.98701658414984,0.0,3.0,0.00018176782759837806,0.0
Short-eared Owl,115511.0,21.0,99.98182321780979,0.0,1.0,0.00018176782759837806,0.0
Short-tailed Hawk,115043.0,489.0,99.57674064328498,0.0,24.0,0.010577156208455563,0.0
Slaty-backed Gull,104152.0,11380.0,90.14991517501645,0.0,150.0,0.26851436495780945,0.0
Smooth-billed Ani,115425.0,107.0,99.90738496693557,0.0,277.0,0.008387286216020584,0.0
Snow Goose,115300.0,232.0,99.79918983485095,0.0,44.0,0.006682131439447403,0.0
Snowy Egret,109772.0,5760.0,95.01436831354084,0.0,53.0,0.1210833340883255,0.0
Snowy Plover,107958.0,7574.0,93.44424055672887,0.0,110.0,0.20354533195495605,0.0
Solitary Sandpiper,115478.0,54.0,99.95325970293945,0.0,5.0,0.0006491707754321396,0.0
Song Sparrow,115183.0,349.0,99.69791919121975,0.0,22.0,0.008759478107094765,0.0
Sooty Shearwater,107708.0,7824.0,93.22785029255964,0.0,375.0,0.3209846615791321,0.0
Sooty Tern,115521.0,11.0,99.99047882837655,0.0,1.0,9.521171887172386e-05,0.0
Sora,115422.0,110.0,99.90478828376553,0.0,22.0,0.001930201193317771,0.0
South Polar Skua,115115.0,417.0,99.63906103936571,0.0,75.0,0.015268497169017792,0.0
Spotted Sandpiper,114647.0,885.0,99.23397846484092,0.0,48.0,0.02689298242330551,0.0
Sprague's Pipit,114966.0,566.0,99.51009244192085,0.0,8.0,0.007694837637245655,0.0
Stilt Sandpiper,115305.0,227.0,99.80351764013433,0.0,4.0,0.002293736906722188,0.0
Summer Tanager,111173.0,4359.0,96.22701935394524,0.0,57.0,0.18284977972507477,0.0
Surf Scoter,115447.0,85.0,99.92642731018246,0.0,120.0,0.004327805247157812,0.0
Swainson's Hawk,112945.0,2587.0,97.76079354637676,0.0,42.0,0.048938822001218796,0.0
Swainson's Thrush,114545.0,987.0,99.14569123705986,0.0,14.0,0.013597964309155941,0.0
Swainson's Warbler,112779.0,2753.0,97.6171104109684,0.0,453.0,0.0907367691397667,0.0
Swallow-tailed Kite,115515.0,17.0,99.98528546203649,0.0,3.0,0.00018176782759837806,0.0
Swamp Sparrow,111164.0,4368.0,96.21922930443515,0.0,16.0,0.04544195532798767,0.0
Swan Goose,112159.0,3373.0,97.08046255582869,0.0,140.0,0.05073053389787674,0.0
Tennessee Warbler,114724.0,808.0,99.30062666620503,0.0,24.0,0.012273656204342842,0.0
Townsend's Warbler,113073.0,2459.0,97.8715853616314,0.0,85.0,0.04053422436118126,0.0
Tree Swallow,115430.0,102.0,99.91171277221895,0.0,100.0,0.0021985250059515238,0.0
Tricolored Heron,92264.0,23268.0,79.860125333241,0.0,3500.0,1.5630820989608765,0.0
Tricolored Munia,112665.0,2867.0,97.51843645050722,0.0,125.0,0.04422151297330856,0.0
Tropical Kingbird,113302.0,2230.0,98.06979884361043,0.0,8.0,0.025430183857679367,0.0
