Class,Label,RMSE,MAE,NRMSE (by avg),NRMSE (by max),Normalized RMSE (0-1),Avg Count,Max Count,Non-Zero Rate
0,Acadian Flycatcher,0.29614880485309614,0.05458427220582962,19.740595647012167,0.02278067729639201,0.022780678362290672,0.01500202,13.0,0.00753903680365613
1,Alder Flycatcher,0.013156755932795904,0.00017310022667516023,0.0,0.0,0.013156755932795904,0.0,0.0,0.0001298341585015407
2,Allen's Hummingbird,0.09816268259604922,0.009635912254452705,89.53986148212864,0.09816268259604922,0.09816268259604922,0.0010963015,1.0,0.0009088391095107849
3,American Avocet,6.123792568229362,0.29559749364852905,37.93118189392275,0.012247585136458725,0.012247585642285595,0.16144481,500.0,0.005279922445729322
4,American Bittern,0.14452483188709775,0.017887022346258163,65.91472994453133,0.02890496637741955,0.02890496782732661,0.002192603,5.0,0.0013329640272824845
5,American Coot,20.126849166549814,2.9912872314453125,17.88353811837495,0.01610147933323985,0.016101480627823506,1.12544,1250.0,0.03277014160578887
6,American Crow,5.8376769469928,4.978939533233643,5.638565583777619,0.03766243191608258,0.03766243172592536,1.0353124,155.0,0.23307828134196587
7,American Golden-Plover,0.12957901668667268,0.01644452102482319,102.07881674296641,0.06478950834333634,0.06478950834333634,0.0012694016,2.0,0.0008915278883772461
8,American Goldfinch,4.9901004064086765,3.4389822483062744,7.660180069147144,0.041240499226517985,0.04124050000959043,0.6514338,121.0,0.080955925630994
9,American Kestrel,0.9943873430944989,0.9740349650382996,17.803437118646414,0.14205533472778556,0.1420553303124832,0.055853672,7.0,0.039201260256898525
10,American Oystercatcher,0.4323751146901429,0.14667358994483948,29.044546615653754,0.028825007646009527,0.02882500964740561,0.0148866195,15.0,0.006032960565038258
11,American Pipit,1.5179384017478623,0.06306618452072144,40.84998675186096,0.010119589344985748,0.010119589117015663,0.037158847,150.0,0.0031766090780043625
12,American Redstart,0.8986491410136449,0.684092104434967,18.152084252767185,0.044932457050682245,0.04493245487432958,0.049506664,20.0,0.02374233978464841
13,American Robin,22.205266324434447,4.807166576385498,13.83667639255582,0.011730198797905149,0.01173019967427935,1.6048121,1893.0,0.08546549873628086
14,American White Pelican,9.877216331832583,1.8938318490982056,15.274564465246417,0.017177767533621883,0.017177768581729334,0.6466447,575.0,0.0262611224595783
15,American Wigeon,0.13068750111376023,0.012001615948975086,70.7795331337551,0.021781250185626707,0.02178124996292882,0.0018464024,6.0,0.0007876605615760136
16,American Woodcock,0.06794119377697375,0.004616005811840296,1177.4888181597614,0.06794119377697375,0.06794119377697375,5.7700076e-05,1.0,0.00037219125437108335
17,Anhinga,2.202555156627652,1.926201581954956,12.56500393274327,0.02202555156627652,0.02202554998803607,0.17529283,100.0,0.0667434130803587
18,Ash-throated Flycatcher,0.14149885728041026,0.0196757260710001,79.10699007014895,0.07074942864020513,0.07074942864020513,0.0017887023,2.0,0.0017397777239206453
19,Bachman's Sparrow,0.13156756176124984,0.007154809311032295,20.919243040893566,0.02631351235224997,0.02631351297163307,0.006289308,5.0,0.003280476404805595
20,Baird's Sandpiper,0.07966811187349722,0.005654607433825731,69.03640517015326,0.02655603729116574,0.02655603850887711,0.0011540015,3.0,0.00041546930720493024
21,Bald Eagle,1.8629551248228933,1.7954531908035278,18.230871922798915,0.09314775624114466,0.09314775744094499,0.10218684,20.0,0.06715888238756362
22,Baltimore Oriole,0.9627533480145949,0.6665512919425964,15.521375038862393,0.05663254988321147,0.05663254902255159,0.06202758,17.0,0.01854897344458678
23,Bank Swallow,0.6496293937089707,0.03646644577383995,55.73627116246923,0.008120367421362133,0.008120366507428466,0.011655415,80.0,0.0030900529723366685
24,Barn Swallow,5.8688913606594095,2.9755351543426514,9.328969936395277,0.01956297120219803,0.019562971908227336,0.6291039,300.0,0.09187930616625697
25,Barred Owl,0.8024901972376969,0.6399515271186829,34.171886558994146,0.1337483662062828,0.1337483685273643,0.02348393,6.0,0.015484887303950421
26,Bay-breasted Warbler,0.3081790455354973,0.05227626860141754,30.695696130854365,0.017121058085305407,0.017121058295167753,0.010039813,18.0,0.004691340927189004
27,Bell's Vireo,0.09146863507972904,0.008366511203348637,792.6214497515854,0.09146863507972904,0.09146863507972904,0.00011540015,1.0,0.00022504587473600387
28,Belted Kingfisher,1.3436863462763529,1.2402631044387817,12.767230574168549,0.2687372692552706,0.26873727313668705,0.105244935,5.0,0.08709275352283351
29,Black Scoter,0.8036757098759376,0.05123766511678696,33.084332115889374,0.014882883516221067,0.014882884818562196,0.024291731,54.0,0.0021033133677249593
30,Black Skimmer,19.06933791292975,2.644913673400879,13.119395872208134,0.01906933791292975,0.019069338538261062,1.4535226,1000.0,0.02705743863172108
31,Black Swan,0.09051746203367464,0.007847210392355919,224.10831087408468,0.04525873101683732,0.04525873101683732,0.0004039005,2.0,0.00011252293736800194
32,Black Tern,31.650832651283146,0.7755467295646667,65.75648227068973,0.007912708162820787,0.007912707929039956,0.48133403,4000.0,0.008820067167537998
33,Black Vulture,2.5028170926074185,1.7669494152069092,9.184062010052017,0.03337089456809891,0.033370894932146254,0.27251744,75.0,0.055785410102828656
34,Black-and-white Warbler,0.9035157358290707,0.7061335444450378,17.001988312795646,0.04302455884900337,0.04302455653896007,0.05314177,21.0,0.02944638714814943
35,Black-bellied Plover,1.624668454313384,0.6801685094833374,13.047789051610986,0.016085826280330534,0.01608582527219688,0.12451676,101.0,0.03244988401481841
36,Black-bellied Whistling-Duck,18.67402985081529,4.248571872711182,15.93184976265203,0.01867402985081529,0.018674029044973672,1.1721194,1000.0,0.06079700862098812
37,Black-billed Cuckoo,0.11865419613997384,0.013963418081402779,102.81979787427446,0.05932709806998692,0.05932709806998692,0.0011540015,2.0,0.0010819513208461726
38,Black-chinned Hummingbird,0.15455688828948896,0.021695228293538094,28.802423949286126,0.051518962763162986,0.051518962009943096,0.005366107,3.0,0.005253955614029014
39,Black-crowned Night Heron,0.9650280733916926,0.5794241428375244,29.393501549705174,0.014846585744487578,0.014846586615953146,0.03283134,65.0,0.013701831527195929
40,Black-headed Grosbeak,0.09517831346136411,0.009058911353349686,329.90708362533434,0.09517831346136411,0.09517831346136411,0.00028850036,1.0,0.00045009174947200774
41,Black-headed Gull,0.015192113158923843,0.00023080030223354697,131.6472553276896,0.015192113158923843,0.015192113158923843,0.00011540015,1.0,0.000251012706436312
42,Black-necked Stilt,3.197118719660717,0.5970803499221802,19.974501135514373,0.010657062398869056,0.010657062954342857,0.16006,300.0,0.012628535816916526
43,Black-throated Blue Warbler,0.026313511865591808,0.000577000726480037,50.67105078110015,0.013156755932795904,0.013156755932795904,0.0005193007,2.0,0.0006405151819409341
44,Black-throated Gray Warbler,0.08251429433965053,0.006808608770370483,476.6850738705086,0.08251429433965053,0.08251429433965053,0.00017310023,1.0,0.00016445660076861823
45,Black-throated Green Warbler,0.4599222543571337,0.18579423427581787,25.54779800777698,0.0418111140324667,0.04181111602290689,0.018002423,11.0,0.010438666343523872
46,Black-whiskered Vireo,0.031319343847604625,0.0009809012990444899,41.75350250267488,0.031319343847604625,0.031319343847604625,0.000750101,1.0,0.0006491707925077035
47,Blackburnian Warbler,0.1679742169044989,0.026484334841370583,40.432792276831876,0.055991405634832965,0.0559914065589059,0.0041544056,3.0,0.0038430910916456046
48,Blackpoll Warbler,0.20453008357065863,0.04090935364365578,57.1727560244786,0.05113252089266466,0.05113252089266466,0.0035774047,4.0,0.00334972128933975
49,Blue Grosbeak,1.4278364027647925,0.9717269539833069,13.855449568540056,0.014278364027647926,0.014278363455288533,0.10305233,100.0,0.03388671536890212
50,Blue Jay,5.703950670646953,5.254457473754883,3.562733543883346,0.07605267560862604,0.07605267637167276,1.601004,75.0,0.4883235813454281
51,Blue-gray Gnatcatcher,2.0341411262772673,1.9208931922912598,8.067208657137144,0.09246096028533034,0.09246096944224197,0.2521493,22.0,0.1146522175674272
52,Blue-headed Vireo,0.9006053147292373,0.7989729642868042,24.735959141273813,0.09006053147292373,0.0900605323002096,0.03640875,10.0,0.026425579060346916
53,Blue-winged Teal,12.015898028026115,1.2845767736434937,22.409075070352287,0.01001324835668843,0.010013249346394946,0.5362068,1200.0,0.023015268497039783
54,Blue-winged Warbler,0.3121785179197802,0.08533841371536255,31.82568246610195,0.034686501991086686,0.03468650168032614,0.0098090125,9.0,0.006232039608073953
55,Boat-tailed Grackle,3.926154609500267,2.2351856231689453,9.153105507796875,0.026174364063335114,0.026174365643943417,0.42894235,150.0,0.05473808122424956
56,Bobolink,0.497469219233183,0.03456234559416771,38.31839669415117,0.014631447624505382,0.014631448271488361,0.012982517,34.0,0.002008101651490496
57,Bonaparte's Gull,19.611910007955785,0.9111418724060059,41.20426910431484,0.0081377219950024,0.008137722109239269,0.4759679,2410.0,0.013286362219990999
58,Brewer's Blackbird,0.3033671380404728,0.013790317811071873,61.85477636489512,0.013189875566977077,0.01318987447309805,0.0049045063,23.0,0.00032891320153723646
59,Bridled Tern,0.09115268023068951,0.008308811113238335,789.88354303325,0.09115268023068951,0.09115268023068951,0.00011540015,1.0,0.00024235709586954265
60,Broad-billed Hummingbird,0.08923346105904736,0.007962610572576523,171.8338950647179,0.08923346105904736,0.08923346105904736,0.0005193007,1.0,0.0003375688121040058
61,Broad-tailed Hummingbird,0.09517831346136411,0.009058911353349686,164.95354181266717,0.09517831346136411,0.09517831346136411,0.0005770007,1.0,0.000502025412872624
62,Broad-winged Hawk,0.44848908582907937,0.18025504052639008,40.909285754097034,0.02803056786431746,0.02803056786431746,0.010963014,16.0,0.007694837793857979
63,Bronzed Cowbird,0.43350794518811486,0.08603081107139587,21.283642916509265,0.014450264839603828,0.014450265587047194,0.020368127,30.0,0.007045667001350275
64,Brown Booby,0.10247640511896987,0.009347411803901196,222.00232003005337,0.020495281023793974,0.020495281762207444,0.0004616006,5.0,0.0003116019804036977
65,Brown Creeper,0.03798028308888157,0.001211701543070376,73.13736239037716,0.018990141544440786,0.018990141544440786,0.0005193007,2.0,0.0006318595713741647
66,Brown Noddy,0.09426458515445424,0.008885812014341354,408.4248774469448,0.09426458515445424,0.09426458515445424,0.0002308003,1.0,0.00038084686493785274
67,Brown Pelican,16.15082794051322,7.170157432556152,5.3510866587078585,0.023072611343590316,0.02307261104933877,3.0182333,700.0,0.2143561956860437
68,Brown Thrasher,2.4983751738923208,2.3927066326141357,8.375114203627483,0.15614844836827005,0.15614844836827005,0.2983094,16.0,0.17881625869888862
69,Brown-crested Flycatcher,0.09241001825386436,0.008539611473679543,400.3895027847693,0.09241001825386436,0.09241001825386436,0.0002308003,1.0,0.0002856351487033895
70,Brown-headed Cowbird,12.477826402599069,2.5968496799468994,17.81768201113129,0.01247782640259907,0.012477826940852478,0.7003058,1000.0,0.07787452826922411
71,Brown-headed Nuthatch,1.7535542090188987,1.6389129161834717,11.793110867446853,0.08767771045094494,0.08767770832652225,0.1486931,20.0,0.06314267908458263
72,Buff-bellied Hummingbird,0.42299873310602815,0.178466334939003,52.740941204928646,0.14099957770200938,0.14099957990372416,0.008020311,3.0,0.006872554790014888
73,Buff-breasted Sandpiper,0.11444613025239538,0.010674513876438141,90.15754136508654,0.022889226050479074,0.022889227525428126,0.0012694016,5.0,0.0006664820136412422
74,Bufflehead,2.7744329680806055,1.276383399963379,9.667007787022026,0.03117340413573714,0.031173403566212083,0.28700018,89.0,0.02861544853373957
75,Bullock's Oriole,0.11189689820832939,0.011943915858864784,48.48213055594861,0.055948449104164695,0.055948449104164695,0.002308003,2.0,0.002414915348128657
76,Calliope Hummingbird,0.06836450761872419,0.004673705901950598,42.31518974888783,0.06836450761872419,0.06836450761872419,0.001615602,1.0,0.0016445660076861823
77,Canada Goose,6.024970546033101,3.598522901535034,8.470735941736843,0.029390100224551713,0.02939010132077679,0.71126884,205.0,0.05326662742789876
78,Canada Warbler,0.106073157667438,0.010789914056658745,114.89711737909956,0.03535771922247933,0.03535771922247933,0.0009232012,3.0,0.001004050825745248
79,Canvasback,0.4392596687898471,0.010386013425886631,93.98530374076803,0.007843922656961556,0.007843922032256912,0.004673706,56.0,0.0007357268981753973
80,Cape May Warbler,0.051518962009943096,0.0021926029585301876,26.261032613642403,0.025759481004971548,0.025759481004971548,0.0019618026,2.0,0.0017051552816535677
81,Carolina Chickadee,4.1444824676087615,3.9080259799957275,4.599348535312989,0.13369298282608907,0.13369297837530517,0.90110207,31.0,0.3471851954436866
82,Carolina Wren,3.745117824111745,3.5221855640411377,4.620676052249512,0.0891694720026606,0.08916947022640029,0.81051296,42.0,0.3672835231797251
83,Caspian Tern,1.935400101748542,0.9230858087539673,11.370311715785245,0.030720636535691143,0.030720636963189475,0.17021522,63.0,0.03708063566804003
84,Cave Swallow,0.03873244110073474,0.0015002019936218858,167.81798258453475,0.03873244110073474,0.03873244110073474,0.0002308003,1.0,0.00019042343246892637
85,Cedar Waxwing,8.315562207638251,3.1417691707611084,10.587496649969996,0.021883058441153295,0.021883058660137972,0.78541344,380.0,0.041105494581587784
86,Cerulean Warbler,0.05834641707238964,0.0029427038971334696,24.66345824910924,0.019448805690796548,0.01944880594020201,0.002365703,3.0,0.0021379358099920366
87,Chestnut-sided Warbler,0.25432613573622276,0.058334775269031525,31.483758009130984,0.03633230510517468,0.03633230624952541,0.008078011,7.0,0.005885815185403178
88,Chimney Swift,3.2065616686702523,2.6223530769348145,9.841140068557062,0.026945896375380272,0.026945897140461975,0.32583234,119.0,0.088650763424852
89,Chipping Sparrow,3.9228539935734315,3.2987709045410156,7.705654005689456,0.05604077133676331,0.05604077118244717,0.50908774,70.0,0.07850638784059828
90,Chuck-will's-widow,0.3545007205493098,0.11482314765453339,49.150815733169125,0.05064296007847283,0.050642962330305984,0.0072125094,7.0,0.004275871619984073
91,Clapper Rail,0.8767112959234007,0.6339507102966309,13.053508339474345,0.048706183106855594,0.048706183756033465,0.067162886,18.0,0.029506976422116814
92,Clay-colored Sparrow,0.03642940739692289,0.0006347008165903389,57.39618800653895,0.009107351849230722,0.009107351849230722,0.0006347008,4.0,0.00041546930720493024
93,Cliff Swallow,2.730029506034834,0.5842132568359375,23.50429247272062,0.009100098353449448,0.009100098050190096,0.11615025,300.0,0.012498701658414985
94,Common Gallinule,3.4213553256128075,0.9059488773345947,15.087915707211705,0.015987641708471063,0.01598764063020988,0.2267613,214.0,0.029351175431914966
95,Common Goldeneye,0.22015463773625746,0.018464023247361183,37.0436885917858,0.014676975849083831,0.014676977210715104,0.005943108,15.0,0.0016532216182529515
96,Common Grackle,8.588170685321458,4.036178112030029,9.555215277279892,0.02020746043605049,0.020207461417753973,0.89879405,425.0,0.11991482879202299
97,Common Ground Dove,0.9582779840711954,0.7687380909919739,11.071944266323275,0.09582779840711954,0.09582779510275811,0.08655011,10.0,0.03351452411453104
98,Common Loon,3.157310685306374,1.400496244430542,14.415002931253818,0.011914379944552356,0.011914380525620313,0.21902949,265.0,0.04772703666516636
99,Common Nighthawk,0.8007987415915481,0.5434193015098572,30.302714566218473,0.030799951599674927,0.03079995360136311,0.026426634,26.0,0.012758369975418066
100,Common Tern,1.4306219830362448,0.2872886657714844,26.099062102063957,0.01788277478795306,0.017882775113448747,0.054815073,80.0,0.007668870962157671
101,Common Yellowthroat,1.8456697975661707,1.2440136671066284,10.196781410347128,0.01318335569690122,0.013183355881169848,0.18100514,140.0,0.06946127479832427
102,Cooper's Hawk,0.9830952454445873,0.9650914669036865,22.74769463115515,0.19661904908891745,0.19661905060465676,0.043217357,5.0,0.039902364712806844
103,Couch's Kingbird,0.0075960565794619215,5.770007555838674e-05,131.6472553276896,0.0075960565794619215,0.0075960565794619215,5.7700076e-05,1.0,9.521171623446318e-05
104,Dark-eyed Junco,0.5317239610549481,0.13790318369865417,19.565409273853476,0.03323274756593426,0.03323274756593426,0.027176736,16.0,0.006898521621715196
105,Dickcissel,0.26586198052747406,0.021637527272105217,66.77759212364622,0.009167654500947382,0.00916765448726367,0.0039813053,29.0,0.002302392410760655
106,Double-crested Cormorant,16.375396024850915,5.591598987579346,8.412936351905058,0.016375396024850913,0.01637539569993383,1.9464543,1000.0,0.1641449987882145
107,Downy Woodpecker,2.4766989107801183,2.3557209968566895,6.662062396401222,0.2063915758983432,0.20639156988180182,0.3717616,12.0,0.2345670463594502
108,Dunlin,8.444519288026962,1.1646183729171753,14.9430220338904,0.016889038576053925,0.01688903784054842,0.56511456,500.0,0.01980403697676834
109,Eastern Bluebird,3.986996375540336,3.767930269241333,6.053849225312458,0.07522634670830823,0.07522634695622217,0.65858865,53.0,0.21724716961534465
110,Eastern Kingbird,2.5125615202550575,1.456926941871643,14.558743860313365,0.011166940090022478,0.01116693969150442,0.17258093,225.0,0.06108264376969151
111,Eastern Meadowlark,1.4955939112810461,1.0194449424743652,13.772655665302604,0.02300913709663148,0.02300913704304242,0.10859154,65.0,0.025049336980230586
112,Eastern Phoebe,1.9626363864814012,1.8911776542663574,9.094773340810567,0.0892107448400637,0.08921075264817785,0.21579827,22.0,0.11894540040854482
113,Eastern Screech-Owl,0.46186271849887806,0.20847037434577942,65.07758357970951,0.05131807983320867,0.05131807980520244,0.007097109,9.0,0.006509019146210574
114,Eastern Towhee,2.390393414219436,2.2524378299713135,9.280445654918116,0.07967978047398121,0.0796797835129437,0.25757313,30.0,0.12620745767406433
115,Eastern Whip-poor-will,0.010742446235228431,0.00011540015111677349,93.08866696680616,0.010742446235228431,0.010742446235228431,0.00011540015,1.0,9.521171623446318e-05
116,Eastern Wood-Pewee,0.8919142042283636,0.7553516626358032,21.64953014363622,0.08108310947530578,0.0810831146487629,0.041197855,11.0,0.023811584669182564
117,Eurasian Collared-Dove,1.8159500697745812,1.6798800230026245,11.678007197449416,0.07566458624060755,0.07566459171108125,0.15550171,24.0,0.06374857182425649
118,European Herring Gull,6.643219277257274,1.0830304622650146,27.058432386565258,0.008304024096571593,0.00830402381058102,0.24551383,800.0,0.0427673718104075
119,European Starling,13.26393057310113,6.740811347961426,6.685391142908035,0.02652786114620226,0.02652786228157353,1.9840171,500.0,0.16767648789945644
120,Field Sparrow,0.2089951147011582,0.03571634739637375,43.639692066793316,0.029856444957308315,0.02985644505677691,0.004789106,7.0,0.002968874424401897
121,Fish Crow,8.956246728889843,3.7663724422454834,11.408254887418995,0.011057094727024498,0.01105709529807588,0.7850672,810.0,0.16866322750406815
122,Fork-tailed Flycatcher,0.07966811187349722,0.006347008049488068,460.2426779197831,0.07966811187349722,0.07966811187349722,0.00017310023,1.0,0.00019907904303569573
123,Forster's Tern,7.013007476450178,2.130979061126709,11.093686576525764,0.018215603834935527,0.01821560404816897,0.63216203,385.0,0.06520271439947374
124,Fox Sparrow,0.0240208394208037,0.00023080030223354697,104.07629101151261,0.008006946473601234,0.008006946877470406,0.0002308003,3.0,8.65561056676938e-05
125,Franklin's Gull,0.3079917564875793,0.009809012524783611,76.25435665109327,0.010620405396123425,0.010620405957801315,0.0040390054,29.0,0.0009953952151784786
126,Fulvous Whistling-Duck,0.10359639938988441,0.0050776065327227116,99.74606280296871,0.01151071104332049,0.011510711675423701,0.0010386014,9.0,0.00038950247550462207
127,Gadwall,7.342027827489413,0.504875659942627,30.81731274033747,0.013349141504526206,0.013349141059152287,0.23824361,550.0,0.007435169476854898
128,Glaucous Gull,0.09272168874535151,0.00848191138356924,229.5656614674284,0.04636084437267576,0.04636084437267576,0.0004039005,2.0,0.00036353564380431396
129,Glossy Ibis,0.46972873552418526,0.03127343952655792,34.93935124755558,0.013048020431227369,0.013048020183392151,0.013444117,36.0,0.0018523006612886474
130,Golden Pheasant,0.08424434236743732,0.007097109220921993,208.57696232844788,0.08424434236743732,0.08424434236743732,0.0004039005,1.0,0.0002163902641692345
131,Golden-crowned Kinglet,0.2815668652330525,0.046506259590387344,24.038597183725162,0.021658989633311733,0.02165899110425854,0.0117131155,13.0,0.00545303465706471
132,Golden-winged Warbler,0.08216391349163076,0.006058508064597845,56.95931027308412,0.02054097837290769,0.02054097837290769,0.0014425019,4.0,0.0015147318491846415
133,Grasshopper Sparrow,0.02738797175423808,0.0005193006945773959,59.33261674528522,0.01369398587711904,0.01369398587711904,0.0004616006,2.0,0.00022504587473600387
134,Gray Catbird,2.2987454641773475,2.0725290775299072,8.715720544414857,0.035365314833497655,0.035365315852200666,0.26374704,65.0,0.1182702627843368
135,Gray Flycatcher,0.07820619000250649,0.006116208154708147,225.89857767566122,0.07820619000250649,0.07820619000250649,0.00034620045,1.0,0.00041546930720493024
136,Gray Kingbird,0.20424777365385124,0.03479314595460892,49.164139338400794,0.03404129560897521,0.034041298268840094,0.0041544056,6.0,0.0025447495066301977
137,Gray-cheeked Thrush,0.2448476624191458,0.05418036878108978,39.291249955997,0.0349782374884494,0.034978238745022795,0.006231608,7.0,0.005028909739293009
138,Graylag Goose,0.1573319170990474,0.013905717991292477,37.87110212395423,0.01573319170990474,0.01573319156191783,0.0041544056,10.0,0.0015320430703181802
139,Great Black-backed Gull,0.0635531696801864,0.004039005376398563,52.449524425913204,0.0635531696801864,0.0635531696801864,0.0012117015,1.0,0.0013329640272824845
140,Great Blue Heron,3.1756150318297873,2.835554838180542,5.88752492699493,0.07056922292955083,0.0705692253637178,0.5393803,45.0,0.2253488211058408
141,Great Crested Flycatcher,1.8924854677113527,1.822803020477295,10.9001881124092,0.14557580520856558,0.1455758275052089,0.17361952,13.0,0.09534155039296471
142,Great Egret,4.33803330366718,3.2205874919891357,7.312757278740265,0.019280148016298577,0.01928014946557496,0.59321445,225.0,0.20345878198248105
143,Great Horned Owl,0.8354626313943796,0.6902660131454468,36.74975287924951,0.1670925262788759,0.16709252739361466,0.02273383,5.0,0.015528165356784267
144,Great-tailed Grackle,0.09241001825386436,0.00819341093301773,400.3895027847693,0.030803339417954784,0.03080334099266661,0.0002308003,3.0,9.521171623446318e-05
145,Greater Scaup,0.4241566066292169,0.03531244769692421,34.03267788406889,0.01413855355430723,0.014138554155838765,0.012463216,30.0,0.0025274382854966588
146,Greater White-fronted Goose,0.09962134663315998,0.009924412705004215,431.6343855232611,0.09962134663315998,0.09962134663315998,0.0002308003,1.0,0.000432780528338469
147,Greater Yellowlegs,1.0353232770797,0.6026772856712341,18.328077679671704,0.02875897991888056,0.028758979156763825,0.056488372,36.0,0.0163677595817609
148,Green Heron,1.1600847318549659,1.0722981691360474,12.830522802736873,0.07250529574093537,0.07250529574093537,0.090416014,16.0,0.05125852577640827
149,Green-winged Teal,13.945753450661625,0.24724481999874115,66.65577951074144,0.007834692949809902,0.007834693558462242,0.20922047,1780.0,0.0034103105633071355
150,Groove-billed Ani,0.01860646267699265,0.00034620045335032046,64.49372357120038,0.01860646267699265,0.01860646267699265,0.00028850036,1.0,0.0004933698023058547
151,Gull-billed Tern,1.0190330252644366,0.4398476779460907,20.535884554136047,0.021229854693009097,0.021229854464527152,0.049622066,48.0,0.01242080116331406
152,Hairy Woodpecker,0.15714844249713006,0.02273382991552353,27.791220581834153,0.039287110624282515,0.039287110624282515,0.0056546074,4.0,0.004570162379254232
153,Harris's Sparrow,0.06878521637721946,0.0047314059920609,298.0291434264053,0.06878521637721946,0.06878521637721946,0.0002308003,1.0,0.00012117854793477132
154,Helmeted Guineafowl,0.07519712384011593,0.0047314059920609,162.90516761114097,0.01879928096002898,0.01879928096002898,0.0004616006,4.0,9.521171623446318e-05
155,Henslow's Sparrow,0.10928822378858934,0.010097512975335121,78.91975785340792,0.027322055947147334,0.027322055947147334,0.0013848018,4.0,0.0007357268981753973
156,Hermit Thrush,0.8297800763165382,0.68022620677948,32.8331483532998,0.1382966793860897,0.13829668088258673,0.025272632,6.0,0.018696118824221862
157,Hooded Merganser,1.142013488539556,0.5111649632453918,17.734978777182793,0.027190797346179907,0.02719079819081448,0.06439328,42.0,0.010776235155627877
158,Hooded Warbler,1.1434777524691269,0.9039870500564575,13.527381322168672,0.03363169860203314,0.03363169686530632,0.08453061,34.0,0.033159644081293495
159,Horned Grebe,1.5889926291139358,0.3546823561191559,28.390546869735168,0.015889926291139358,0.015889927198142712,0.055969074,100.0,0.009382681854378008
160,Horned Lark,0.0480416788416074,0.002308002905920148,832.6103280921009,0.0480416788416074,0.0480416788416074,5.7700076e-05,1.0,0.00019907904303569573
161,House Finch,4.768944356614917,4.479256629943848,6.827240829207856,0.06812777652307024,0.06812777796820912,0.6985171,70.0,0.2208305923899872
162,House Sparrow,5.6344872047224195,5.172061443328857,6.601628934929308,0.06551729307816767,0.06551729926884241,0.85349953,86.0,0.1416750337568812
163,Iceland Gull,0.09334190775857566,0.008712711744010448,0.0,0.0,0.09334190775857566,0.0,0.0,9.521171623446318e-05
164,Inca Dove,0.8731170557817112,0.6672436594963074,20.476308565933383,0.06236550398440794,0.06236550828915914,0.042640354,14.0,0.01578783367378735
165,Indian Peafowl,0.08002942046271715,0.00640470813959837,693.4949364298087,0.08002942046271715,0.08002942046271715,0.00011540015,1.0,0.00023370148530277326
166,Indigo Bunting,5.265228890481879,1.6356240510940552,16.958126676057006,0.009156919809533702,0.009156919569800132,0.3104841,575.0,0.05544784129072465
167,Kentucky Warbler,0.303176876426949,0.06895159184932709,23.45695796755758,0.033686319602994334,0.033686319602994334,0.012924816,9.0,0.007322646539486896
168,Killdeer,3.8691302727335004,2.71213436126709,8.579311134248936,0.022759589839608827,0.022759590032527543,0.4509838,170.0,0.09586088702697088
169,King Rail,0.32724812824888405,0.052622467279434204,26.62693481580771,0.020453008015555253,0.020453008015555253,0.012290116,16.0,0.004708652148322542
170,Lark Sparrow,0.11619732079751392,0.013501817360520363,167.81797896713582,0.11619732079751392,0.11619732079751392,0.0006924009,1.0,0.0007703493404424748
171,Laughing Gull,44.32109952698884,13.990017890930176,5.33993985795086,0.02216054976349442,0.022160550590400917,8.299925,2000.0,0.2736557836789807
172,LeConte's Sparrow,0.048638492945715844,0.00236570299603045,421.4768566160587,0.048638492945715844,0.048638492945715844,0.00011540015,1.0,0.00015580099020184884
173,Least Flycatcher,0.13903066399301375,0.019214125350117683,114.74002388469255,0.06951533199650688,0.06951533199650688,0.0012117015,2.0,0.0016964996710867985
174,Least Sandpiper,5.726388967676826,1.0578731298446655,12.507126208037691,0.025450617634119224,0.02545061726800532,0.4578501,225.0,0.020730187307412665
175,Least Tern,6.565357276509245,1.6961513757705688,11.843885257195824,0.02188452425503082,0.021884524903894913,0.5543246,300.0,0.03847418896928989
176,Lesser Black-backed Gull,0.23189754005086005,0.03888985142111778,47.84543301464447,0.021081594550078187,0.02108159509772751,0.004846806,11.0,0.0022677699684935776
177,Lesser Goldfinch,0.10077307708632015,0.010155213065445423,349.2996540960393,0.10077307708632015,0.10077307708632015,0.00028850036,1.0,0.00041546930720493024
178,Lesser Scaup,19.8403648072205,1.21100914478302,42.025587957607364,0.0079361459228882,0.007936146011152157,0.47210202,2500.0,0.017804590935844616
179,Lesser Yellowlegs,2.1447933849780507,0.5899832844734192,17.93987147357664,0.017873278208150423,0.01787327788248179,0.11955456,120.0,0.01241214555274729
180,Limpkin,0.19366220400085954,0.028734637424349785,39.027438652003795,0.032277034000143257,0.03227703520239457,0.0049622064,6.0,0.0024755046220960425
181,Lincoln's Sparrow,0.09904045902954818,0.009809012524783611,343.29405314180235,0.09904045902954818,0.09904045902954818,0.00028850036,1.0,0.00036353564380431396
182,Little Blue Heron,2.0250294435974316,1.62898850440979,9.905668805042154,0.04402237920863982,0.0440223812782154,0.20443137,46.0,0.06972094311532735
183,Loggerhead Shrike,1.3051519423854077,1.2185101509094238,17.2405404516041,0.21752532373090128,0.2175253408566781,0.075702496,6.0,0.056140290136066195
184,Long-billed Curlew,0.03798028308888157,0.0014425019035115838,329.11813997929085,0.03798028308888157,0.03798028308888157,0.00011540015,1.0,9.521171623446318e-05
185,Long-billed Dowitcher,2.5307981299685083,0.09993652999401093,36.369205205964754,0.014059989610936158,0.01405998988233291,0.06958629,180.0,0.0028390402659003566
186,Long-tailed Duck,0.030384226317847686,0.000577000726480037,65.8236276638448,0.010128075439282562,0.010128075838390824,0.0004616006,3.0,0.0002856351487033895
187,Louisiana Waterthrush,0.22750157550905498,0.04910276457667351,38.27990000098982,0.07583385850301833,0.07583386362013972,0.005943108,3.0,0.004466295052453
188,MacGillivray's Warbler,0.07003218019162195,0.004904506262391806,1213.7277033676733,0.07003218019162195,0.07003218019162195,5.7700076e-05,1.0,8.65561056676938e-05
189,Magnificent Frigatebird,0.9849716073993262,0.3471236526966095,24.81183614277425,0.015153409344605018,0.015153409903628316,0.03969765,65.0,0.00851712079770107
190,Magnolia Warbler,0.7461941636504723,0.48987364768981934,25.86458201122972,0.033917916529566924,0.03391791647283525,0.028850038,22.0,0.015017484333344874
191,Mallard,3.410045643833787,2.6851305961608887,8.887143062528605,0.045467275251117156,0.0454672766926905,0.3837055,75.0,0.050618010594467334
192,Marbled Godwit,0.5612349855670344,0.17373493313789368,21.907125716513473,0.02806174927835172,0.02806174902943925,0.025618833,20.0,0.0059896825122044105
193,Marsh Wren,0.9655660481651648,0.6226992011070251,19.190625868571185,0.0301739390051614,0.0301739390051614,0.050314464,32.0,0.02066959803344528
194,Merlin,0.2992499248110964,0.0889735147356987,42.16504431535584,0.1496249624055482,0.1496249624055482,0.007097109,2.0,0.006768687463213655
195,Mississippi Kite,1.6727199380180446,1.2218568325042725,18.57137075752242,0.01286707644629265,0.0128670767930702,0.090069816,130.0,0.04035245646227885
196,Monk Parakeet,0.8787491721614666,0.27309444546699524,27.539965693904097,0.012553559602306667,0.012553558983916207,0.031908143,70.0,0.006647508915278884
197,Mottled Duck,1.0086750804397249,0.5206277966499329,14.592109752671643,0.026544081064203286,0.026544082397539775,0.06912469,38.0,0.014896305785410104
198,Mourning Dove,6.185349832569661,5.357048034667969,3.851205202448618,0.02945404682176029,0.029454049064612464,1.6060816,210.0,0.42787279714711074
199,Muscovy Duck,1.9473183949015185,1.1281518936157227,11.759225003488588,0.020716153137250195,0.020716153147107928,0.16559921,94.0,0.022383408925665618
200,Mute Swan,0.10275754812283883,0.010328313335776329,104.75829548083628,0.05137877406141941,0.05137877406141941,0.0009809013,2.0,0.0013069971955821764
201,Nashville Warbler,0.106073157667438,0.010905314236879349,102.13076814172159,0.053036578833719,0.053036578833719,0.0010386014,2.0,0.0007184156770418586
202,Nelson's Sparrow,0.2098217258697653,0.016675321385264397,41.79793553295228,0.012342454462927371,0.012342454624072755,0.0050199064,17.0,0.0017051552816535677
203,Neotropic Cormorant,0.66342758793014,0.030696440488100052,52.26301768938597,0.010700444966615161,0.010700445121925174,0.012694016,62.0,0.0016705328393864904
204,Northern Bobwhite,0.6316613216937284,0.3722231984138489,35.08757339545012,0.06316613216937284,0.06316613438097546,0.018002423,10.0,0.00864695495620261
205,Northern Cardinal,6.86389761834606,6.178697109222412,3.0692555429467125,0.12710921515455667,0.1271092115564122,2.2363396,54.0,0.5436935221410518
206,Northern Flicker,0.9428294334117424,0.8711557388305664,16.019781148381085,0.1178536791764678,0.1178536791764678,0.058854077,8.0,0.04521690960080324
207,Northern Gannet,1.4395078651237205,0.2965206801891327,24.848715835387253,0.014395078651237205,0.014395078440971012,0.057930876,100.0,0.006768687463213655
208,Northern Harrier,0.8107878545086675,0.6548381447792053,29.213646423766033,0.1621575709017335,0.16215758009104284,0.027753737,5.0,0.02193331717619361
209,Northern House Wren,1.0294828590718754,0.9656684398651123,13.863222579892712,0.06434267869199221,0.06434267869199221,0.07426,16.0,0.04270678253644012
210,Northern Mockingbird,4.583998313983387,4.336333751678467,4.094484219851001,0.13097138039952536,0.130971390906222,1.1195545,35.0,0.4643561956860437
211,Northern Parula,1.1834987690399048,0.9886907935142517,10.128996306443309,0.045519183424611726,0.04551918518005563,0.11684265,26.0,0.04706921026209189
212,Northern Pintail,0.9751691720378662,0.022445328533649445,87.56816962646022,0.008126409766982218,0.008126409661530224,0.011136115,120.0,0.0009001834989440155
213,Northern Rough-winged Swallow,1.1574206740713955,0.7366568446159363,19.939620522782104,0.016075287139880493,0.01607528726281366,0.058046274,72.0,0.016566838624796593
214,Northern Shoveler,2.6273572419472657,0.19629564881324768,25.226996712652575,0.015013469953984376,0.01501347035151437,0.104148634,175.0,0.006387840598275803
215,Northern Waterthrush,0.49438600139698946,0.2147596776485443,28.56067797287181,0.029081529493940557,0.029081530685164732,0.017310023,17.0,0.010430010732957103
216,Olive-sided Flycatcher,0.020097276291995193,0.000403900514356792,49.75798637939327,0.020097276291995193,0.020097276291995193,0.0004039005,1.0,0.0006405151819409341
217,Orange-crowned Warbler,1.334486815080508,1.169118881225586,10.702448396863327,0.03812819471658594,0.03812819514653491,0.12468986,35.0,0.06768687463213655
218,Orchard Oriole,1.1793963344566822,0.9042178988456726,13.536502121840059,0.03804504304698975,0.038045040510842475,0.08712711,31.0,0.030614894574663296
219,Osprey,2.5057547139337815,2.35347056388855,8.383636090528055,0.09637518130514544,0.09637518816680944,0.2988864,26.0,0.17653983311982827
220,Ovenbird,0.3899966717847004,0.11320754885673523,28.39929572854901,0.01857127008498573,0.01857126900468778,0.013732618,21.0,0.008698888619603226
221,Pacific Loon,0.0635531696801864,0.004039005376398563,367.14665775366217,0.0635531696801864,0.0635531696801864,0.00017310023,1.0,0.00010386732680123256
222,Painted Bunting,0.8655838787901875,0.709191620349884,25.954038869532205,0.05409899242438672,0.05409899242438672,0.033350643,16.0,0.019189488626527716
223,Palm Warbler,1.4290684261236686,1.1865442991256714,10.113182574413786,0.04465838831636464,0.04465838831636464,0.14130749,32.0,0.04888688848111346
224,Parasitic Jaeger,0.09395803278182793,0.008828111924231052,0.0,0.0,0.09395803278182793,0.0,0.0,9.521171623446318e-05
225,Pectoral Sandpiper,1.0136965122058659,0.11949685215950012,22.408640300605942,0.02027393024411732,0.020273931330526223,0.04523686,50.0,0.005219333171761936
226,Peregrine Falcon,0.3442614608427622,0.11816975474357605,54.23995970361648,0.1721307304213811,0.1721307304213811,0.006347008,2.0,0.00586850396426964
227,Philadelphia Vireo,0.1543701094651963,0.022791529074311256,65.25337699796756,0.038592527366299076,0.038592527366299076,0.002365703,4.0,0.0024235709586954263
228,Pied-billed Grebe,2.773413773556082,2.0560266971588135,11.882826983481058,0.02919382919532718,0.0291938300726143,0.2333968,95.0,0.052556867361423676
229,Pileated Woodpecker,1.118556377768634,0.9773238897323608,13.632701287574879,0.18642606296143902,0.18642608738469946,0.082049504,6.0,0.0615673579614306
230,Pine Siskin,3.147994926148025,1.1371530294418335,11.83725289397793,0.02690593953972671,0.026905940052400486,0.26593965,117.0,0.022954679223072396
231,Pine Warbler,2.524063363424014,2.2245686054229736,8.824801915608255,0.025240633634240138,0.0252406327689879,0.28601927,100.0,0.11005608835647267
232,Piping Plover,0.5434764711205411,0.1846979409456253,25.319867494932502,0.015527899174872602,0.01552789988136624,0.021464428,35.0,0.00753903680365613
233,Prairie Warbler,0.41375852619271725,0.13415268063545227,30.644654356128168,0.02433873683486572,0.02433873715760281,0.013501817,17.0,0.008551743239968147
234,Prothonotary Warbler,1.1863474523070887,0.8429980874061584,12.356122056301098,0.029658686307677217,0.029658686150670504,0.09601293,40.0,0.03259702939445348
235,Purple Finch,1.3214955644305781,0.70786452293396,14.833445194032723,0.016115799566226562,0.016115799800963816,0.08908892,82.0,0.018523006612886472
236,Purple Gallinule,1.1200513612516776,0.46875542402267456,26.055851930166472,0.016717184496293697,0.016717182955265274,0.042986557,67.0,0.010559844891458644
237,Purple Martin,10.878364481011761,2.599503755569458,20.03963933708094,0.009065303734176468,0.009065304001358404,0.5428423,1200.0,0.07543364608939515
238,Red Junglefowl,0.10415188018835304,0.010501413606107235,82.04801180803962,0.05207594009417652,0.05207594009417652,0.0012694016,2.0,0.0008309386144098605
239,Red Knot,1.4128256599608195,0.14540418982505798,32.34568143693227,0.013716753980202131,0.013716753356360224,0.043678958,103.0,0.003557455942942215
240,Red-bellied Woodpecker,2.933818864375796,2.775315999984741,5.457923635073956,0.22567837418275352,0.22567838780841726,0.5375339,13.0,0.327389814077485
241,Red-breasted Merganser,2.400125512179029,0.8611736297607422,13.247316488482602,0.016902292339288937,0.0169022920938663,0.18117824,142.0,0.026460201502613995
242,Red-breasted Nuthatch,0.41299082064530046,0.1616756170988083,34.24662056345136,0.05162385258066256,0.05162385258066256,0.012059316,8.0,0.00894124571547277
243,Red-cockaded Woodpecker,0.3772113291269853,0.12036235630512238,30.83702512941902,0.05388733273242647,0.05388733334966839,0.012232416,7.0,0.0048211750856905445
244,Red-eyed Vireo,1.9687126398326127,1.0586810111999512,13.173652031781131,0.011249786513329215,0.011249786715795403,0.1494432,175.0,0.04892151092338053
245,Red-headed Woodpecker,0.9601127062143203,0.8873117566108704,16.807791757562587,0.0800093921845267,0.080009398974623,0.057123072,12.0,0.03740089325901049
246,Red-necked Grebe,0.08424434236743732,0.007097109220921993,1460.0386836961836,0.08424434236743732,0.08424434236743732,5.7700076e-05,1.0,0.00010386732680123256
247,Red-necked Phalarope,0.06124136613308894,0.0037505049258470535,265.3435265917406,0.06124136613308894,0.06124136613308894,0.0002308003,1.0,0.00014714537963507945
248,Red-shouldered Hawk,1.2149416770594406,1.122612714767456,14.838727753623909,0.20249027950990675,0.20249030097351378,0.081876405,6.0,0.06695980334452792
249,Red-tailed Hawk,0.9897343804711273,0.9636489748954773,14.915727297802677,0.09897343804711273,0.0989734414346491,0.06635509,10.0,0.05041027594086487
250,Red-winged Blackbird,73.37397851184198,10.072702407836914,13.96030743010691,0.012228996418640331,0.012228996065898445,5.2559,6000.0,0.25721012360211887
251,Reddish Egret,0.5304201881979016,0.2763833701610565,31.91913866911652,0.07577431259970023,0.07577431993652073,0.016617622,7.0,0.012628535816916526
252,Redhead,1.6980372037013232,0.2546304166316986,31.340451198515613,0.012962116058788727,0.012962116219293413,0.05418037,131.0,0.005955060069937334
253,Ring-billed Gull,28.27852304705209,3.63527774810791,23.09481492947453,0.009426174349017363,0.009426175221132187,1.2244533,3000.0,0.07565003635356438
254,Ring-necked Duck,5.166133771097022,0.699324905872345,23.71140504493949,0.012155608873169464,0.012155609304204642,0.21787548,425.0,0.01103590347263096
255,Rock Pigeon,6.912252863903419,3.9319138526916504,8.637076510024032,0.03949858779373382,0.03949858759581769,0.80030006,175.0,0.06020842710244781
256,Rose-breasted Grosbeak,1.1682626105782403,0.9600138664245605,17.173162610185358,0.03337893173080687,0.03337893327820177,0.06802839,35.0,0.026157255132777064
257,Roseate Spoonbill,0.9762631987633164,0.19387225806713104,25.519783977453923,0.012203289984541454,0.012203290485373958,0.03825515,80.0,0.007833327562926288
258,Ross's Goose,0.07206251947401864,0.004500605631619692,113.53777652460568,0.01801562986850466,0.01801562986850466,0.0006347008,4.0,0.00042412491777169963
259,Royal Tern,14.666798908909026,4.746523380279541,7.729907698490159,0.027569170881407944,0.027569171580729076,1.8974093,532.0,0.10506180105944674
260,Ruby-crowned Kinglet,2.027805635908305,1.9165079593658447,8.78377899968901,0.07510391244104833,0.07510391167133568,0.230858,27.0,0.10907800436242772
261,Ruby-throated Hummingbird,2.850262740221234,2.672725200653076,10.005652282691356,0.08143607829203525,0.08143608146150755,0.28486526,35.0,0.1279385797874182
262,Ruddy Duck,0.8941110348586158,0.05648837238550186,34.056787115963374,0.012248096367926243,0.012248096534246316,0.026253534,73.0,0.003782501817678219
263,Ruddy Turnstone,1.4370004366380935,0.8419594764709473,9.739794360923858,0.04790001455460312,0.047900014792240445,0.1475391,30.0,0.03418966173873905
264,Rufous Hummingbird,0.7721868865606202,0.5908487439155579,37.91153112830623,0.12869781442677003,0.12869781201460115,0.020368127,6.0,0.013848976906831009
265,Rusty Blackbird,0.5558631955817702,0.016559921205043793,64.65546717219773,0.009264386593029503,0.009264386769301103,0.008597312,60.0,0.001047328878579095
266,Sanderling,7.385105515683795,3.3947839736938477,6.715176700724776,0.03692552757841897,0.03692552865286106,1.0997634,200.0,0.06671744624865839
267,Sandhill Crane,0.5334032961534368,0.09018521755933762,38.04285005151447,0.01045888815987131,0.0104588880960813,0.014021118,51.0,0.003012152477235744
268,Sandwich Tern,30.660314261361847,1.748716115951538,37.68342121148229,0.00806850375298996,0.008068503601166383,0.81362873,3800.0,0.03234601668801717
269,Savannah Sparrow,1.5991819227457342,0.803415834903717,13.024164180906267,0.01998977403432168,0.019989773684897048,0.12278576,80.0,0.02513589308589828
270,Say's Phoebe,0.08560321011132235,0.007327909581363201,185.44865254270857,0.08560321011132235,0.08560321011132235,0.0004616006,1.0,0.0003462244226707752
271,Scaly-breasted Munia,2.167872521266676,1.2949050664901733,10.85878593922363,0.043357450425333524,0.04335745106973666,0.19964226,50.0,0.026278433680711838
272,Scarlet Tanager,1.0887563332549757,0.6110438108444214,19.737694739363487,0.013609454165687197,0.013609454165687197,0.05516127,80.0,0.018358550012117853
273,Scissor-tailed Flycatcher,0.22392267490366802,0.025907333940267563,59.70467425878529,0.010662984519222287,0.01066298438306043,0.003750505,21.0,0.0021552470311255755
274,Seaside Sparrow,0.38071325384545646,0.10905314236879349,32.99070636567787,0.02379457836534103,0.02379457836534103,0.011540015,16.0,0.005046220960426549
275,Sedge Wren,0.5165876880650302,0.22566498816013336,35.38727732630102,0.03228673050406439,0.03228673050406439,0.014598119,16.0,0.006985077727382889
276,Semipalmated Plover,1.4869656893447314,0.634585440158844,10.644611190825836,0.03812732536781362,0.03812732648395543,0.13969187,39.0,0.02303257971817332
277,Semipalmated Sandpiper,5.165318508021228,0.5148000717163086,30.74180475698808,0.01099003937876857,0.01099003987394853,0.16802262,470.0,0.01103590347263096
278,Sharp-shinned Hawk,0.3515587594575042,0.12163175642490387,41.73194940284504,0.0585931265762507,0.058593128121572725,0.008424211,6.0,0.0066561645258456535
279,Shiny Cowbird,0.09178350229457873,0.008424211293458939,318.139988677308,0.09178350229457873,0.09178350229457873,0.00028850036,1.0,0.0003462244226707752
280,Short-billed Dowitcher,6.789187800016046,0.5026253461837769,36.67812223256433,0.008486484750020057,0.008486484483210169,0.18510184,800.0,0.011702385486272202
281,Snow Goose,2.410129540788492,0.04183255508542061,90.02145638847193,0.008033765135961641,0.008033765120826852,0.026772834,300.0,0.0012810303638818683
282,Snowy Egret,3.6674402605741747,2.453291893005371,8.781487521481939,0.014669761042296699,0.0146697614354647,0.41763315,250.0,0.12007928539279161
283,Snowy Plover,0.6878102426175584,0.36703017354011536,17.275998527075988,0.045854016174503895,0.04585401942419976,0.039813053,15.0,0.012922826576186684
284,Solitary Sandpiper,0.3652431670573937,0.11297674477100372,30.000138030175297,0.04058257411748819,0.04058257326753153,0.012174716,9.0,0.006811965516047502
285,Song Sparrow,0.9744884897612149,0.8828111290931702,20.571084746285706,0.060905530610075934,0.060905530610075934,0.04737176,16.0,0.024642523283592423
286,Sooty Tern,0.09904045902954818,0.008655011653900146,114.43134719933407,0.024760114757387045,0.024760114757387045,0.0008655011,4.0,0.0006058927396738566
287,Sora,1.1171110967373,0.207027867436409,27.93744922234532,0.01362330605777195,0.01362330567206397,0.039986152,82.0,0.008906623273205691
288,South Polar Skua,0.07783641862648773,0.006058508064597845,674.4914791985411,0.07783641862648773,0.07783641862648773,0.00011540015,1.0,0.0003462244226707752
289,Spotted Sandpiper,0.8529935239431997,0.6709364652633667,24.15560459768121,0.04264967619715999,0.04264967750735407,0.035312448,20.0,0.021249523941418828
290,Sprague's Pipit,0.09083562639806055,0.008020310662686825,196.78402826817774,0.04541781319903027,0.04541781319903027,0.0004616006,2.0,0.00023370148530277326
291,Stilt Sandpiper,0.8866260833045218,0.05631527304649353,36.15556873755066,0.008866260833045217,0.008866261651053434,0.024522532,100.0,0.0036093896063428316
292,Summer Tanager,1.1353754450230082,0.9934222102165222,11.534110359446943,0.02523056544495574,0.025230566900378063,0.098436326,45.0,0.048696465048644534
293,Surf Scoter,0.1596979410580264,0.01211701612919569,60.16793522880954,0.01596979410580264,0.015969794433840022,0.0026542034,10.0,0.0005972371291070872
294,Swainson's Hawk,0.10303792401988619,0.009924412705004215,357.1500668585418,0.025759481004971548,0.025759481004971548,0.00028850036,4.0,0.00037219125437108335
295,Swainson's Thrush,0.6331211797179095,0.36829957365989685,30.649785649164798,0.04220807864786063,0.042208081926969315,0.020656627,15.0,0.011901464529307897
296,Swainson's Warbler,0.17798129944265986,0.02671513520181179,35.052203886940966,0.044495324860664966,0.044495324860664966,0.0050776065,4.0,0.0032891320153723646
297,Swallow-tailed Kite,0.5597937971480837,0.28936588764190674,39.278487025656766,0.055979379714808375,0.055979383541292095,0.0142519185,10.0,0.007798705120659211
298,Swamp Sparrow,1.9396437813435328,1.0642778873443604,11.437892692515847,0.02281933860404156,0.022819337936595876,0.16958052,85.0,0.04620364920541495
299,Swan Goose,0.15492976440293896,0.01580982096493244,45.50996235153298,0.022132823486134136,0.022132824881604386,0.0034043044,7.0,0.0019302011563895717
300,Tennessee Warbler,0.7295774029618356,0.4231146574020386,23.115733125491136,0.029183096118473424,0.02918309528873325,0.03156194,25.0,0.015934979053422428
301,Tree Swallow,19.955641573631112,2.8397092819213867,20.81059148737619,0.009977820786815556,0.009977820714314273,0.95891756,2000.0,0.03998026520790777
302,Tricolored Heron,1.2124933891509435,0.7383878827095032,13.8157287632792,0.013472148768343817,0.013472148744340526,0.08776181,90.0,0.03833569920022158
303,Tropical Kingbird,0.08858448166781764,0.007847210392355919,191.9072046495393,0.08858448166781764,0.08858448166781764,0.0004616006,1.0,0.00037219125437108335
304,Tufted Titmouse,3.0218656332665716,2.8135132789611816,6.471265539848839,0.15109328166332858,0.1510932782115494,0.46696672,20.0,0.22332340823321678
305,Turkey Vulture,3.5706232716138686,2.8848307132720947,8.691358347966533,0.03570623271613869,0.03570623478712195,0.41082454,100.0,0.11672090849288509
306,Upland Sandpiper,0.09668201385935854,0.009232011623680592,279.2659943790598,0.04834100692967927,0.04834100692967927,0.00034620045,2.0,0.00039815808607139146
307,Veery,0.24789227150587548,0.050372164696455,31.132035058906954,0.027543585722875054,0.027543586205540684,0.007962611,9.0,0.005427067825364401
308,Vermilion Flycatcher,0.33223521755635355,0.10980324447154999,57.009588404611534,0.11074507251878452,0.11074507859238965,0.0058277077,3.0,0.005565557594432711
309,Vesper Sparrow,0.23827898305846437,0.029311638325452805,31.766253847093527,0.019856581921538698,0.019856582084394465,0.00750101,12.0,0.003020808087802514
310,Virginia Rail,0.24602312255269393,0.025099532678723335,31.351666420508952,0.018924855580976455,0.018924856541003177,0.00784721,13.0,0.0035141778901083684
311,Warbling Vireo,0.035628663084385837,0.0012694016331806779,88.21148232783058,0.035628663084385837,0.035628663084385837,0.0004039005,1.0,0.0005626146868400097
312,Western Barn Owl,0.06445467831444951,0.004039005376398563,101.55127680582632,0.032227339157224755,0.032227339157224755,0.0006347008,2.0,0.0006318595713741647
313,Western Flycatcher,0.09334190775857566,0.008712711744010448,1617.7085879917597,0.09334190775857566,0.09334190775857566,5.7700076e-05,1.0,0.0001298341585015407
314,Western Kingbird,0.23827898305846437,0.05054526403546333,41.713262470554035,0.03403985472263777,0.03403985678159994,0.0057123075,7.0,0.0040075476924142225
315,Western Sandpiper,11.72254626010546,0.5177427530288696,60.936846203960684,0.007815030840070307,0.00781503139031113,0.19237205,1500.0,0.010568500502025412
316,Western Tanager,0.11913949152923219,0.014194218441843987,73.74309223086827,0.11913949152923219,0.11913949152923219,0.001615602,1.0,0.0015580099020184883
317,Whimbrel,1.0896304342229133,0.060411978513002396,46.398981218288995,0.010896304342229133,0.010896304634968733,0.02348393,100.0,0.0035401447218086765
318,White Ibis,8.126594739078765,3.5906755924224854,9.631540102654292,0.02708864913026255,0.027088650644152595,0.8437482,300.0,0.06431984212166326
319,White-breasted Nuthatch,0.08825820246439203,0.007789510302245617,509.8676307918263,0.08825820246439203,0.08825820246439203,0.00017310023,1.0,0.0001298341585015407
320,White-crowned Pigeon,0.09051746203367464,0.00819341093301773,392.18952989966175,0.09051746203367464,0.09051746203367464,0.0002308003,1.0,0.00018176782190215698
321,White-crowned Sparrow,0.3452656342994574,0.046506259590387344,28.907239332500904,0.014386068095810724,0.014386068545378857,0.011943916,24.0,0.004232593567150227
322,White-eyed Vireo,2.2970881979471205,1.9768623113632202,8.382993208447086,0.03281554568495886,0.03281554515933986,0.27401766,70.0,0.09850084824983554
323,White-faced Ibis,2.1234068789039147,0.03571634739637375,99.19343987832728,0.007665728804707273,0.00766572930855221,0.021406727,277.0,0.0009261503306443237
324,White-rumped Sandpiper,0.24020839953911016,0.02388783171772957,35.28010018499557,0.01334491108550612,0.013344911886513293,0.006808609,18.0,0.002008101651490496
325,White-throated Sparrow,1.4356144688061814,1.2560728788375854,11.132274620637753,0.06241802038287745,0.06241802337971634,0.12895967,23.0,0.049856316864591625
326,White-winged Dove,2.2129178832514134,1.975996732711792,10.724854444024558,0.029505571776685512,0.02950557245531785,0.20633547,75.0,0.06555759443271128
327,White-winged Scoter,0.09303231510555968,0.008078010752797127,161.23431190996672,0.031010771701853224,0.031010771910410365,0.0005770007,3.0,0.0004674029706055465
328,Wild Turkey,0.2693120784025861,0.023137729614973068,31.325150473419466,0.015841886964858005,0.015841887069746857,0.008597312,17.0,0.003020808087802514
329,Willet,2.605015476495674,1.5038948059082031,8.196717767403053,0.02605015476495674,0.026050155095654726,0.31781203,100.0,0.06772149707440363
330,Willow Flycatcher,0.08181203206222101,0.0066932085901498795,0.0,0.0,0.08181203206222101,0.0,0.0,9.521171623446318e-05
331,Wilson's Phalarope,0.13503045170227335,0.014425018802285194,70.91553691907927,0.019290064528896193,0.019290065237083633,0.0019041025,7.0,0.0009521171623446318
332,Wilson's Plover,0.4965985500772736,0.08181870728731155,30.519677976891202,0.012733296155827528,0.012733296621297217,0.016271422,39.0,0.0036093896063428316
333,Wilson's Snipe,0.6774132487227685,0.17211931943893433,23.110726231038942,0.014112776015057678,0.014112776587900128,0.029311638,48.0,0.007660215351590901
334,Wilson's Warbler,0.24402147055673284,0.04616006091237068,28.383462521528525,0.034860210079533265,0.03486021059067969,0.008597312,7.0,0.004899075580791469
335,Winter Wren,0.05371223144706583,0.002308002905920148,25.1590984496733,0.026856115723532914,0.026856115723532914,0.0021349029,2.0,0.001964823598656649
336,Wood Duck,1.9344010950648614,1.4137095212936401,9.901094658382277,0.04836002737662153,0.04836002564339189,0.19537245,40.0,0.03772980646054773
337,Wood Stork,0.1275594829317478,0.008539611473679543,78.95476633329197,0.011596316630158891,0.011596317034622376,0.001615602,11.0,0.0007357268981753973
338,Wood Thrush,0.9307881739859791,0.7195776104927063,20.977229318835423,0.03579954515330689,0.03579954836668907,0.04437136,26.0,0.022392064536232385
339,Worm-eating Warbler,0.3148471543385962,0.07189429551362991,24.03795663347814,0.022489082452756874,0.022489083060206357,0.013097917,14.0,0.008543087629401378
340,Yellow Warbler,1.69700053332022,0.7356759309768677,18.792789471389327,0.01138926532429678,0.011389264697078582,0.09030062,149.0,0.0238288958903161
341,Yellow-bellied Flycatcher,0.07246176097124343,0.0052507068030536175,1255.8347674591748,0.07246176097124343,0.07246176097124343,5.7700076e-05,1.0,0.00014714537963507945
342,Yellow-bellied Sapsucker,0.9330789910616563,0.8647510409355164,19.13750579345305,0.15551316517694272,0.15551318247764703,0.048756562,6.0,0.037807706955648654
343,Yellow-billed Cuckoo,0.9173319454275026,0.7867982387542725,18.57275628847797,0.06552371038767876,0.065523713433433,0.049391266,14.0,0.029195374441713117
344,Yellow-breasted Chat,0.3983405687195095,0.13951878249645233,29.252713891639438,0.03621277897450086,0.03621278109996066,0.013617218,11.0,0.006993733337949659
345,Yellow-crowned Night Heron,0.9185576802034028,0.7221164107322693,23.445543312242364,0.03402065482234825,0.03402065506878147,0.03917835,27.0,0.021284146383685906
346,Yellow-headed Blackbird,0.11865419613997384,0.013155616819858551,128.52474086007433,0.02966354903499346,0.02966354903499346,0.0009232012,4.0,0.0008828722778104767
347,Yellow-rumped Warbler,14.525689880480936,5.4969706535339355,9.31111943715912,0.01019346658279364,0.010193466408984962,1.5600369,1425.0,0.20139874666758995
348,Yellow-throated Vireo,1.3440513272986296,0.7818360328674316,25.968510306207364,0.010752410618389037,0.010752411604330214,0.051756967,125.0,0.024815635494927813
349,Yellow-throated Warbler,0.8575809826437952,0.7263285517692566,33.249968405712664,0.14293016377396586,0.142930177529812,0.025791934,6.0,0.019302011563895716
