,t_mean,water,shore,urban,salt_marsh,salt_woody_wetland,longitude,northness_median,elevation_sd,poc_mean,fresh_marsh,pasture,trange_mean,shrub,chl_mean,eastness_sd,forest,grassland,latitude,fresh_woody_wetland,elevation_median,agriculture,slopeness_sd,northness_sd,slopeness_median,barren,eastness_median
Brown-headed Cowbird,-0.5361561139272376,-0.12347474609241776,-0.2569517461700963,-0.2567220893244284,-0.40976426042896813,-0.3951606150300133,-0.21448244544684278,0.00323184327979042,0.4124932987497253,0.07901878387702312,0.20476279586820953,0.40618069024116304,0.6444186710473225,0.2868116695185259,0.328837276006813,0.35659495780713746,0.312668094644334,0.25581061282644685,0.7734475040661166,0.39311110567708896,0.8445191744259457,0.2701633159316096,0.23540206128524907,0.2955932396154653,0.4230000477688592,0.07664052526055878,0.03785743186022854
House Sparrow,-0.318562338686177,-0.06353349505685531,-0.17511884566824326,-0.1897706927612994,-0.28210549088338865,-0.2802902829601011,-0.17513831080668588,-0.02886674146511968,0.33096050141682204,0.08860443104032711,0.15782623443923696,0.21690082363420585,0.41737854169690763,0.18127302726791575,0.1724172763017217,0.19159508505481257,0.16648366450779442,0.14481457423447455,0.4276643293898477,0.23985741512788356,0.5213149301212083,0.17064997637732135,0.1037270496215224,0.11007182746024764,0.23293234155783568,0.049475212674071616,0.03303169473185555
Eastern Bluebird,-0.29951806430297523,-0.13308026497863887,-0.22009696761120642,-0.2130011296980464,-0.3531954520638423,-0.30898857997185303,-0.40536439234460137,-0.023217912837433692,-0.013172400299323732,0.10477591092088931,0.21830688497304607,0.4495393373819703,0.6777098042134602,0.3839991963755038,0.45605742199687127,0.39163335790318865,0.3431834573663943,0.28323834167131484,0.5632065087942077,0.36213016252809943,0.6965040962267485,0.22057430270385373,0.2197670322432086,0.2836011214385008,0.39478046667166067,0.18837053899388947,0.047185213268997904
American Goldfinch,-0.22209438775747284,-0.08571598570368974,-0.1752468744560406,-0.19097071799541043,-0.29229481098006177,-0.2600572035643854,-0.3840571798191096,-0.0187751200889289,0.042110246185226415,0.1284823316491793,0.19295199807422486,0.38831434647889707,0.6509048452617091,0.2966733831279382,0.3580157931916778,0.2972867092800784,0.26986556324761,0.20870210535936357,0.5116619642674828,0.29427068451779725,0.6894062081188308,0.16287421789846704,0.14179379852218288,0.2038408890101796,0.2793482546472615,0.14414162185856624,0.02837039212480151
Chipping Sparrow,-0.2759466831760546,-0.11748542195632115,-0.18822412405566522,-0.19499381694924153,-0.29524673196106765,-0.2590232158867669,-0.34712250705576225,-0.00881183059672541,0.12604508587826802,0.12716508495150558,0.1755280649609116,0.3700101849976795,0.638505695055461,0.320452747307172,0.37261057084303983,0.31316635443036756,0.3055520146871982,0.23067887365482173,0.518809960148322,0.2962455683498078,0.6670754480777478,0.17968314079722247,0.17195979149562485,0.22327990762900118,0.3214948062117961,0.1433388058315101,0.03955063061790114
Killdeer,-0.17949044487373242,-0.022521221840322257,-0.15267607945369827,-0.32643673417410857,-0.38487115347257744,-0.3760182579766599,-0.44190137361174764,-0.01142981794733721,-0.07126585273815783,0.1496724076295247,0.2607298673796736,0.3562282450213004,0.6439880406794423,0.22212078002139043,0.33751590238731055,0.28409636727011717,0.16484060407703463,0.1456347404030523,0.4943164873835603,0.3900641992079941,0.7183395555196671,0.11202301586541803,0.09474844280345414,0.16144957090209142,0.2312918392680444,0.10545437486687911,0.049642503161562414
Northern Cardinal,-0.17504210953311822,-0.11866392973230391,-0.19080764667992528,-0.20601315240794477,-0.3231369248683907,-0.27659303212494896,-0.46935298815499665,-0.02378748504148308,-0.17275033192721567,0.131431736150699,0.21693388231095223,0.40557110770658983,0.6439850267991619,0.37280504640556317,0.44310245313637053,0.36759951714199657,0.3305729018864901,0.2601185282000393,0.4428654650608522,0.31895412520428273,0.6125720723548074,0.15515091042188253,0.18543098272409925,0.24860476338348808,0.34733352321989525,0.20200464067591967,0.026566986134671275
Common Grackle,-0.06421124459148397,-0.04598751805129672,-0.13191139092802837,-0.23251635560545084,-0.30023882764799625,-0.2731740313694802,-0.4717370606828781,-0.00800697121481168,-0.22247062466346376,0.1572745654979915,0.18655512666450882,0.36197859950025163,0.6313578188359449,0.27117292629651896,0.3807865977143798,0.2999741759349494,0.22398502436768256,0.1592564664931436,0.38073610614636527,0.30492660640931496,0.5930788138245119,0.059150300322555055,0.12126027085122021,0.1924555159105747,0.24630251937398276,0.14247174423185735,0.04763880415649824
American Crow,-0.1180217802260477,-0.054538111417481765,-0.13940205150301982,-0.24565936421637644,-0.3049114043253412,-0.28657095089548473,-0.4373951253037063,6.008129116592669e-05,-0.05806084296416635,0.15372840997535572,0.21449188974783445,0.3262733444035606,0.6249458499680182,0.273419062561142,0.33838685343095215,0.2621768912540742,0.21829322516177369,0.16928239951662974,0.39048262876321327,0.3046487640344792,0.609909324594072,0.11564032130072095,0.0956460957895681,0.14132788852342626,0.22093976858558417,0.13795806236418734,0.030094269158219104
American Robin,-0.10791062476377514,-0.0495524534912001,-0.13476447281141868,-0.23192694924573698,-0.3184922372956218,-0.2947711699663328,-0.46639535147442873,-0.0363793354138517,-0.12876606556819922,0.1438016265139225,0.19729900122866287,0.3846205180798371,0.6616557785309503,0.2981883755323288,0.377718749028434,0.29963819838552147,0.2477174825317737,0.18346168353793965,0.41485601910236547,0.33462304364639994,0.6205619517258376,0.10472068581021475,0.10553737157490337,0.17648676472817978,0.23563272069573937,0.16096641062874223,0.040469467392595236
Barn Swallow,-0.22903053149555297,0.010452749290441665,-0.021460034513589864,-0.030886391781002578,-0.02608566427219933,-0.050636724804143995,0.2668841604561643,0.020741891193920524,0.3820974541144287,-0.06481551983051677,-0.040514971641130486,-0.12798717099327514,-0.20584411249652348,-0.13769981419445895,-0.16340639220687012,-0.04070848791355052,-0.0732576395286165,-0.0473907782207533,0.0844384303474224,0.001074371097367554,-0.05123763828825504,0.023675907678685753,0.03287449757920637,0.006080445540389068,0.029324233534780166,-0.13058971438435482,0.0031693436374761884
Sanderling,-0.1758348308285059,0.007737712616483701,0.011098256859757532,0.09922889513523132,0.11886269831081982,0.10144971520902778,0.350679911566214,0.02848999411439279,0.4058795464955748,-0.0916984921245973,-0.07016012025162037,-0.1641483368546102,-0.31422732220508787,-0.19394977723299345,-0.2430799218741347,-0.1324618919561778,-0.12645304544464003,-0.07478086088997775,0.024061924238049835,-0.14258974060114712,-0.10970562502234076,0.02906726621164323,-0.0127952819086749,-0.04867072381108153,-0.05749385449745343,-0.13638608929681573,-0.037330805699357664
House Finch,0.22430561842853114,0.020267796025976084,0.14116954846529292,0.2712317212705886,0.33501054037569417,0.3396286044285789,0.3424198410385669,0.005950921151777643,-0.16435424168781373,-0.12012161937545551,-0.2011848950587431,-0.3695512895093033,-0.6263953967759773,-0.15374085893419365,-0.27304775990813523,-0.23107402393687598,-0.15437073242120034,-0.10786702450181031,-0.5703711801217936,-0.35891661925988516,-0.7572888433610155,-0.11521724839411325,-0.056024029807302034,-0.15466897612988573,-0.17525649372028929,-0.07044554772108431,-0.026994034261585993
Brown Pelican,0.2512119323466305,0.10617413651104853,0.17068858403778672,0.19665051264205446,0.30642070237807356,0.2741125154948562,0.3437285275962786,-0.00297752106875428,-0.10477599302029222,-0.11408060707958928,-0.1643019765606293,-0.3635861616243687,-0.6484370273889661,-0.317413515827985,-0.37451089427926426,-0.3117003286618538,-0.30829299574699154,-0.2228121450599882,-0.5068618460713505,-0.3274880093685161,-0.6498898375907434,-0.1426078476704158,-0.17212611290354665,-0.23381103158618266,-0.32156374091791295,-0.1452220562253076,-0.006323997199004135
Laughing Gull,0.28183729540492675,0.13920593189901076,0.2272278310845606,0.22060083715114634,0.35059070528104397,0.30274480380924995,0.4251842370501169,0.006423236478036108,0.04517825408181561,-0.12350457240289481,-0.22716484445256865,-0.4205455628084846,-0.6916319796928746,-0.38246238816383904,-0.4434210758985839,-0.37551110878628485,-0.37397234461809364,-0.28470615333914207,-0.55896695724556,-0.346025478708568,-0.7095779007787706,-0.19240987184050506,-0.20129817470212738,-0.2867093485361924,-0.3913769964492542,-0.182172369169615,-0.02797439397322333
Royal Tern,0.2437208889387475,0.11631356549586976,0.2036988399428556,0.23822721833221175,0.36034544987973716,0.32636971436369133,0.4058946858711302,0.001744907874287151,-0.017033923556735834,-0.11956470033078903,-0.19711474761196887,-0.3959698831205395,-0.6723580765791917,-0.34097788607727814,-0.4084266886588677,-0.3389992392841763,-0.3121058927846712,-0.24054510218931643,-0.5160436469664326,-0.3513942567273665,-0.6833272792176528,-0.17105500992838538,-0.17410541436776145,-0.2427874411904997,-0.34070287470520827,-0.16778360974898146,-0.03579099400183536
European Starling,0.34656633827150335,0.12937664494693255,0.20532942720491995,0.1585781343662622,0.28405364663795085,0.24885172864890082,0.28153652219564074,0.025355184456796402,-0.28539684139918114,-0.12379154854400654,-0.14583176972068412,-0.3492987667305418,-0.5959570037828678,-0.32095105776953486,-0.34801853762598706,-0.31466098898550987,-0.3511890982160057,-0.25520775219251035,-0.5484422440590134,-0.2739651548489727,-0.6372378896053648,-0.19252346753556393,-0.20286688335387348,-0.2576516563526651,-0.3589592879299992,-0.13536216259429035,-0.011369850515117954
Rock Pigeon,0.3381218981573342,0.11330558044961052,0.21799259577868738,0.21641682116036845,0.35434752254534285,0.32541438307177056,0.3602841934761656,0.012645486291779936,-0.14450666659121011,-0.11208487084212773,-0.2025776396672746,-0.42803110744782924,-0.6889783637069583,-0.33241592896538685,-0.3846681528323181,-0.345314054711095,-0.3268108221959545,-0.25196307160571696,-0.6293767297928149,-0.35755046619341785,-0.7748644050654252,-0.207324171391425,-0.19092614521596502,-0.26076302794100364,-0.3541461996178379,-0.14608113523133243,-0.033768228753914636
Snowy Egret,0.4210131172783911,0.13228793564860875,0.25263638729748894,0.275340395685537,0.44915879826051597,0.4222903031276341,0.3753786637940599,0.017642453481089247,-0.24348000792621968,-0.10734972072910279,-0.20186163066416474,-0.4816355794623631,-0.7466768050104535,-0.36970071975662816,-0.4394176627674966,-0.39904577122062057,-0.3690504930559866,-0.2860817143417374,-0.7223771774952329,-0.4417724845469264,-0.8344499975002467,-0.227258645602409,-0.20999186647039952,-0.30854364271744944,-0.41497264681096696,-0.15230460786077726,-0.04369641952593097
Double-crested Cormorant,0.4533459769540847,0.12490159873521252,0.23277026615310067,0.22805601341114703,0.39091222480670423,0.37654655443169605,0.26230578136804356,0.005406539309230407,-0.3752264828208383,-0.10320870747956006,-0.16238069308065545,-0.4139075384502381,-0.6732257734586836,-0.32077474295858405,-0.36195930044235136,-0.3508223542484787,-0.3464343330708502,-0.2615328718095608,-0.6905707281441176,-0.38547768036795443,-0.7696295514158124,-0.23357261008336394,-0.22013151089045246,-0.3012463985624716,-0.4067149664186358,-0.11523650591118278,-0.02644938163374668
Great Blue Heron,0.538799527665794,0.16128336578696756,0.29738711015268454,0.27953461578852334,0.48393769198927666,0.45652120356935455,0.2887963029953422,-0.003034306889487819,-0.3645236264036871,-0.07721253458544836,-0.215594041449748,-0.47040855392934977,-0.7311229065060582,-0.36772230831501973,-0.4231423435132388,-0.4229562627226125,-0.3970820255024027,-0.31980759471653053,-0.7999727721361697,-0.46138944695462913,-0.892945047581853,-0.2774316281561743,-0.2646478076140302,-0.3516415399245668,-0.4876144306274135,-0.14022381979285425,-0.02383856159620267
Osprey,0.47521790098776134,0.12878011329040112,0.2531457908341246,0.24800019756871935,0.399933658315246,0.37632128119033065,0.2948298419069653,-0.0049910385229871386,-0.3813897888246083,-0.10878674662161666,-0.21788964611579079,-0.43451509189207693,-0.7056416266660577,-0.314298795133823,-0.36107227751188037,-0.3510334740088918,-0.3242078115671168,-0.2585651242780788,-0.7439307195411498,-0.38388029545142527,-0.8675756414085778,-0.263792337079966,-0.20873439319922366,-0.27963616575431743,-0.39638358447551625,-0.11759869667063362,-0.02675590062969624
Purple Martin,0.422290957166977,0.11674604869139049,0.24732457424769472,0.24874670693387624,0.4153238403133855,0.3951683789838991,0.34318861460249095,0.003968613892018819,-0.31100759368132425,-0.11516326535732173,-0.21253052407802397,-0.4530507342102733,-0.7044174284755024,-0.32852923836800263,-0.3785825690990236,-0.3548729320556548,-0.3294708774901276,-0.2665127344791597,-0.7067545725839552,-0.39228183388281096,-0.8400980981100374,-0.23392395429972487,-0.19942854239246063,-0.28796045477647414,-0.387429369771769,-0.13949418008353276,-0.026323184246957294
Ring-billed Gull,0.42561012378975605,0.11679861039905481,0.23453328176337945,0.23411476237482964,0.37703240337674093,0.35493917911184114,0.32459160679526294,0.001189397228149521,-0.28106283234891616,-0.12226477205470719,-0.215820928329684,-0.431492535039431,-0.7065722299312912,-0.3070919261246707,-0.363934965452766,-0.3469684100557152,-0.31214289316993904,-0.24956380211863596,-0.7103064797565121,-0.370226760199677,-0.8484574785376071,-0.2409660595545734,-0.19720465429319312,-0.27271594261075405,-0.3769695951524227,-0.12370369372421994,-0.027008732817389747
Eastern Towhee,0.44300769016936775,0.023969976593230528,0.1295790053544744,0.11009009073469997,0.1917417252492526,0.21786043505690567,-0.14605409615069517,-0.020139280696852654,-0.6033949418634085,0.021852340829521776,-0.06973983194904602,-0.11365593012928703,-0.12761355874398347,0.027882390426597188,0.03148447298772913,-0.06936771557920898,-0.033865233853656786,-0.04440781931915459,-0.4792366895071989,-0.15015773636814897,-0.4233983664592357,-0.17280572413120013,-0.08064722804585603,-0.10443299616697624,-0.1635192880647161,0.07587846739528044,-0.003392346221135901
Mourning Dove,0.4686083658138975,0.06513755835057235,0.17008067514445047,0.18708317057421867,0.27058429370641646,0.2834945586600503,0.04381974688895575,-0.006033451683321116,-0.6495139197492913,-0.08516827811741688,-0.11725505248029461,-0.19887468133804415,-0.41018641306563036,-0.08048970801947562,-0.10536451973561389,-0.17248037831328605,-0.1958809910638669,-0.11952686997377718,-0.615967783056056,-0.24977280865517965,-0.6498611858793906,-0.16720570829187448,-0.09908921457552049,-0.16115343725879538,-0.22109928770960002,0.030135762959155085,0.007522347014973287
Blue Jay,0.5547175912274425,0.06765506508097724,0.18013474787457298,0.17136986854004604,0.28965194629490404,0.30892292485211187,-0.03520441032258773,-0.016769519614089307,-0.7497599092651203,-0.04667275770860169,-0.09418430081071413,-0.24753258664920816,-0.41180513932079826,-0.10139701923386285,-0.12354815053755554,-0.19137638765114479,-0.17936426889073934,-0.13867503020214403,-0.6712080695243435,-0.2885054548390387,-0.66129680729486,-0.22429927646275777,-0.15382461365825104,-0.2166429145745351,-0.2761280990599488,0.027079852423583593,-0.0011807755702503812
Carolina Chickadee,0.5583341419717689,0.0696347755489062,0.18852043680311337,0.17668886775864248,0.2903764805570319,0.30943646482712533,-0.05244824589240093,-0.02917497584249439,-0.7283269881137863,-0.023361857709036024,-0.10796060493020958,-0.2254130967962803,-0.36569202487971647,-0.08642255045311824,-0.09887532506975383,-0.180230642788491,-0.16482056177451268,-0.13299147414573,-0.6666928143126543,-0.27108865448551256,-0.6451969730394598,-0.22786896280684624,-0.15292851042320832,-0.2048407429269114,-0.27745524756202017,0.041892107049400384,-0.006154532645638308
Downy Woodpecker,0.6150697762861704,0.11411273064461548,0.21760446062122024,0.1685621014112936,0.30361282334092055,0.310390034336631,-0.055938485549706464,-0.025122574849391666,-0.7034910437572917,-0.009148221949698828,-0.12036418512051836,-0.2380616328228711,-0.36828495616921053,-0.15231980403907752,-0.14704031456355415,-0.234749670508443,-0.23038315142035906,-0.19314353419033584,-0.6854766256587531,-0.2852531175173994,-0.6349319833243731,-0.2695156941779168,-0.20493530444413036,-0.25014426124684225,-0.3540811234319008,0.014345350091440872,-0.006082420114000939
Fish Crow,0.6063840020411742,0.10572059158237702,0.2175770567304315,0.1733748267755826,0.3107802442034959,0.3222696701564148,-0.05783990567572341,-0.031936333345317904,-0.7519672304245147,-0.0343035177079438,-0.09815838529114276,-0.23113615428583725,-0.3673686557628229,-0.12533606688342563,-0.13562265993716702,-0.22148366110736392,-0.21756884830478973,-0.17289465686063704,-0.6845821280709348,-0.2824456235416592,-0.6364473873007326,-0.23956114729532724,-0.2039713299285456,-0.24714960170992722,-0.3464472012141859,0.023450613276653518,-0.005153602303456262
Tufted Titmouse,0.4914499960465239,0.030753437628301843,0.1588023784861454,0.16956998761079345,0.25640173628193297,0.28371480760228046,-0.0564532267459126,-0.03592330299047216,-0.589095227830005,-0.038243163833595856,-0.10798598090113767,-0.16236262990872902,-0.24677802932369095,-0.019975141030260244,-0.04060460201626121,-0.13856981713087385,-0.09519099612306423,-0.08639491675455582,-0.5687190852651719,-0.22364214573371222,-0.5334413376386599,-0.17796915160738808,-0.11942488320849,-0.15878906269054444,-0.2292584514908795,0.06735902720587784,0.0046154937183538955
Black-bellied Whistling-Duck,0.5482899744766395,0.07375888051163415,0.16821147135826633,0.12648115942221058,0.24930242725815732,0.27202970447772806,-0.1009469783289236,-0.012380940779540673,-0.7486780126718597,-0.04563681152802682,-0.026223628122556124,-0.19145483930644042,-0.27613430383444076,-0.05300594173169642,-0.06967037493166961,-0.1705604838981689,-0.14656062504869405,-0.11109775873107584,-0.6138085804244785,-0.22206309265373808,-0.538418931212354,-0.18827291135724084,-0.16370836905590894,-0.20482055879274746,-0.2762139356668346,0.06216626013804729,0.001192695467938016
Carolina Wren,0.5160756325086598,0.04451953561255398,0.16068619639088852,0.1479491940079953,0.24150425897742603,0.2680118711065428,-0.10741899734732623,-0.028627091257515554,-0.710389381223965,-0.005968654650065186,-0.08391564146086306,-0.16039977566397276,-0.24593906765924756,-0.0149899252306357,-0.018722573495543682,-0.11255643823333843,-0.09530670302891488,-0.08322726485697357,-0.5893126962754177,-0.21212068956215005,-0.5448502764200601,-0.20260955013061083,-0.1015949713878932,-0.13942570835345244,-0.2032865478856482,0.07740716873500766,-0.0016713053390662812
Red-bellied Woodpecker,0.5388380552693942,0.0621949157208003,0.17047447992150197,0.16620619412330598,0.25646464657603174,0.2818455382465999,-0.10461166326034971,-0.035184276024266964,-0.7376041338789813,-0.022830750229822783,-0.08658175833562327,-0.15040386925807123,-0.26536361419776106,-0.038663292332946936,-0.040746828864971434,-0.13568153881356337,-0.1210982098854262,-0.10117875163092271,-0.5938915956594656,-0.22499865617498452,-0.5484170350354162,-0.1949100141690513,-0.13435063620758098,-0.16291297413613073,-0.24371107419179255,0.06875620262122728,-0.0020195997892171785
Northern Mockingbird,0.3336729900535209,0.016092764748148677,0.08240740148430925,0.12008048280074372,0.1744251731345223,0.18640585467936252,0.08272190845457053,0.01074773144807148,-0.45002059838561886,-0.1424671001874579,-0.03632947188103027,-0.19649408268191756,-0.40642154545406345,-0.061826014556686994,-0.14949377649949447,-0.16299939985013542,-0.1677741198809385,-0.06278040225370625,-0.521845610790764,-0.21834459559960614,-0.5748401075930466,-0.05207705992799968,-0.07826747936687868,-0.14870926017014122,-0.17612723010805917,0.034768024227475346,0.009390257272420785
Mallard,0.4303337354359406,0.06962501000096277,0.20990993462702986,0.20329701904920564,0.3436575363661338,0.3432112384415386,0.1398714089071139,0.00577584009798191,-0.3668490589687331,-0.048945264016841114,-0.12136299105502249,-0.34354066571996783,-0.4884588028544549,-0.16191225624782538,-0.23049281248019252,-0.2688306853633051,-0.2172424090553662,-0.15710242025677398,-0.6598477614502152,-0.3036972198863392,-0.7104511061684268,-0.19528155326997093,-0.16253163692074024,-0.24262374512767831,-0.3133858638088018,-0.019811453271592925,-0.02835563808455779
Ruby-throated Hummingbird,0.5543313899669415,0.09036307555307246,0.22955449975919806,0.2633213356914581,0.39927094447234635,0.4034107341056451,0.1688608389887755,-0.012725687437116726,-0.5459578312502357,-0.10410497460956297,-0.20079316195972488,-0.3521919780427805,-0.5812178193361713,-0.20280860012943264,-0.2563971324809258,-0.3043542841419227,-0.24203795718771387,-0.19742489642152727,-0.761758695476242,-0.3735319868885276,-0.8227706035016861,-0.24693701629455814,-0.19833662347447348,-0.2757049066017628,-0.3719612610463849,-0.034187583183759425,-0.0008886538234868691
Yellow-rumped Warbler,0.5530339055532697,0.11167508406240591,0.22582714332178308,0.1851597996936698,0.32875768993866905,0.32776255263143644,0.10084970295432248,0.0004490620244135592,-0.6629190050473135,-0.07795403133429014,-0.14554448495055108,-0.3416375350808698,-0.5522006619717353,-0.20550121539825206,-0.23248770750276906,-0.26637546784376065,-0.2644304937905754,-0.20595405585311263,-0.7348066193837686,-0.31580956339462474,-0.7771680691235812,-0.252428453307256,-0.1825210236754697,-0.24514081018440662,-0.34007055276399945,-0.04454137422615472,-0.0037928263692316214
Great Egret,0.6317659646015307,0.14997339701808896,0.2551153150177004,0.14206182534244666,0.320474272335999,0.3108448324981613,-0.003437786651687241,-0.0170309789735209,-0.674882358752305,-0.014476372296020524,-0.12196851852519097,-0.30011158313031744,-0.4321364223288416,-0.22009236545305053,-0.20769847090625707,-0.27402465905074513,-0.2998247817831933,-0.24444800526077692,-0.7250951789097184,-0.28509451191750623,-0.6797988785488476,-0.3007604880500515,-0.232034784457597,-0.28265855085181546,-0.4036163439413524,-0.02907290574103762,-0.013242621472078882
Red-winged Blackbird,0.5581573999368205,0.1457797320585491,0.2439514262540407,0.18160146994443785,0.32604131108586265,0.3170987757516463,0.0750308623034863,-0.004645371422584039,-0.7152359306878724,-0.078511565956145,-0.10671310066350889,-0.27829861364782077,-0.48526425348428925,-0.23611430895042562,-0.21698645749431844,-0.26471475740790645,-0.31637676231628376,-0.232691324624684,-0.6627763661991627,-0.2690822414490119,-0.6726093378434593,-0.24376921808625515,-0.20588235983897463,-0.2451457957372061,-0.3715648593698966,-0.04196807979488677,-0.007892584972427712
Pied-billed Grebe,0.08841077370076918,0.039045860610830846,0.01427548276642727,-0.06055982280555783,-0.01718454541556397,-0.02372857331313468,-0.042124393089489606,0.003049615802049826,-0.10172777682221548,0.02949485743324655,0.021253620964874792,-0.037397070945633853,0.012341142056537299,-0.0551411429848153,-0.04408407307557959,-0.013922839884092332,-0.05952284882770612,-0.05843068791927211,-0.05999375068488338,-0.02468070398842707,0.0007355428477022617,-0.05242479716874167,-0.024441965646579755,-0.0436932415772038,-0.05480207010611176,-0.037793960098449444,-0.011100815837516825
Boat-tailed Grackle,0.08451313486003617,0.05007099041846547,0.011583077605210918,-0.08335010130545371,-0.009760192971576907,-0.024401878518496806,-0.0386437602206726,0.001889936192138149,-0.08093793433710571,0.04314719922925626,0.028406104753240895,-0.06430881930690903,-0.008582075192948957,-0.08303446532974978,-0.07592572100642085,-0.04744271173352708,-0.08008214027206689,-0.0813264273407051,-0.06215901149827439,-0.05933771460387406,-0.0011783828117435053,-0.05505954786279951,-0.04068903332297812,-0.06935995882290401,-0.07970999695724457,-0.06983890212899917,0.004002122607009905
Eastern Kingbird,0.05237456815555864,0.061427299389815976,0.010934630243040668,-0.054975253579272354,-0.0005192738784978245,-0.004964171317351031,-0.03864861129814357,0.009955201681403179,-0.04985594886354919,0.04287885330730431,0.018851556540584197,-0.039217282515354925,0.014913502023064185,-0.05288465088498577,-0.0416144510676721,-0.02339376399712391,-0.04865059811311151,-0.05095238467146339,-0.03169725020343559,-0.033272835114347844,0.008637743763907895,-0.03899711897767199,-0.03142152436405737,-0.04643730907224318,-0.04956133544504189,-0.053152636530465217,0.010495534127883906
Brown Thrasher,0.31703012545104253,-0.007187603001666554,0.002216858782764454,0.011754831251697524,0.008876104844275933,0.049904918750861234,-0.24017059125412682,-0.0353418213833223,-0.6839871064587125,0.01247562358230682,0.030013757120491463,0.01879299531966952,-0.01197356983229429,0.1135843671458857,0.11055602533060255,0.05226054825123762,0.05059445653157815,0.04132371773041169,-0.28307545552141566,-0.053231613207754415,-0.2093456832390223,-0.08522956285248745,-0.005703915403581884,0.005766876370306613,-0.0018023272731211917,0.13706312172289972,0.022348056083432852
White Ibis,0.36897782553169545,0.09819110303800678,0.10201298839177947,-0.04104347109008792,0.04242588342189357,0.046282483807378635,-0.318696765925067,-0.017689638442541365,-0.5052852858280857,0.12076212406529825,0.05550755276178677,0.05043952718669595,0.17218222316724682,0.028082406681851996,0.07808983745753828,-0.031964005700314976,-0.07216144492741339,-0.07513061010017362,-0.2093564316133715,-0.00913593399813375,-0.006119093737007563,-0.1269378712506,-0.11224290446397757,-0.11066733456628011,-0.16149241509067902,0.0786473206161527,0.03086452693446974
Bald Eagle,0.18450947105998686,0.05482212589319283,0.057195277797749584,-0.04600237367645554,0.03927377474603296,0.04091102680427267,-0.15692401194456482,-0.014263098694934672,-0.2530693276098747,0.0721424478170716,0.05097263335574496,-0.0026884953309494622,0.07258598107065074,-0.028558325812214094,0.005727369510864481,0.008785452676555764,-0.05536025823973565,-0.0630441305060678,-0.09670518526661166,-0.021231968158590058,0.006680430129810339,-0.07856875390997385,-0.04504503338509992,-0.0394409675378971,-0.07894245277617874,0.0012691994009977052,-0.022475793058871315
Anhinga,0.28296633900336776,0.07542778676307599,0.10013102122691794,-0.005431182314141506,0.0905285296477866,0.09251901791162441,-0.2342138745421063,-0.01710868853248675,-0.3692536919655499,0.10193731854602663,0.0578529224214353,0.018950766064772917,0.12670340656488605,-0.024623958523747037,0.032713881045581164,-0.025034298969877262,-0.07357754262298567,-0.08220161797487632,-0.15762499965194474,-0.05546044259205104,0.008907696012820323,-0.10231040093490955,-0.09996837713956444,-0.09158930933234209,-0.1363932524816127,0.043269923250318275,-0.009387787810952059
Little Blue Heron,0.26646914718504205,0.07195028789698098,0.0962532663476585,-0.0069222774182064245,0.08663299738557305,0.08927276854565547,-0.2296692631140498,-0.020571858360705263,-0.3571198003588079,0.10082996364603877,0.05138261407692793,0.02704422559336602,0.12840958905588837,-0.010662198329130216,0.04547251314396722,-0.016560521362788978,-0.05893705180197385,-0.06966850391755086,-0.14489151619419438,-0.04212582948251626,0.011471077767990478,-0.09756321162257975,-0.0855442044466616,-0.07797916228528814,-0.12361739674748722,0.04501459352563776,-0.010645251730259273
Brown-headed Nuthatch,0.18781541502994756,0.006348433006373997,0.03254946041403927,-0.014676728325565831,0.03127296908481602,0.05757060530693695,-0.20920543306117387,-0.033105072932058416,-0.3131254570019078,0.06709473504641425,0.02052339399362486,0.06932641366544243,0.14368718987211007,0.07798472624535825,0.11560346153546482,0.05154891757823732,0.055100137195560846,0.013545328199212472,-0.07720066213432306,-0.0052171655997020625,0.025002720246464473,-0.07208458659920226,-0.019262458176120083,-0.01698439129865547,-0.027830249189114458,0.07449392998520732,0.01977465533402478
Pine Warbler,0.2562394173988428,0.0041695683405424,0.026825203031675356,-0.001834034914919782,0.01798854098335273,0.04839176036653037,-0.30312493296516707,-0.0360826896667289,-0.4373464820062268,0.0858061434995567,0.05168937633586568,0.11481565420350892,0.22614122348837828,0.12900996955906932,0.16251503453309754,0.05436891560178998,0.0605429830009898,0.03678118057571848,-0.10822543745306692,0.004406012841455236,0.05154009613256595,-0.04836300247332079,-0.029855747538494418,-0.01641204912299376,-0.03441240609228994,0.11981532032058474,0.019560953860673438
Wood Duck,0.14476409395776726,0.014644544473124391,0.037979342509221484,-0.025440515560104696,0.03501213765737352,0.04989968624060726,-0.1347162714765537,-0.020505005839214257,-0.2503613092270683,0.04474964745015752,0.014513618308025262,0.013807862461200903,0.10486154319336834,0.029186142204386388,0.03949539024673573,0.027238190842198032,0.017944341939988104,-0.02295258995332713,-0.06515332639223606,-0.012533094864465605,0.015511342001887016,-0.05458813708147671,-0.038418259804273845,-0.035608870265123035,-0.04113351868425358,0.026098095139024932,0.0066324209752134594
Chimney Swift,0.30471261475505246,0.05320712852486113,0.07676773724563957,0.008924631182845501,0.08319251345158546,0.09846633017198471,-0.2782299876153955,-0.024563936007649508,-0.41468469882655734,0.09559952450219042,0.051649679166177055,0.061273156414632615,0.1634288030752582,0.03576877538872834,0.07931597027861005,-0.013445453773695425,-0.03980099340628936,-0.054052001616871424,-0.1652487858806526,-0.057105283270795906,0.00577105850188161,-0.0994063568763911,-0.09825996386805794,-0.09930607755720648,-0.1294652048070941,0.07925859706783327,0.01973292430198151
Gray Catbird,0.32185628042320685,0.055534566792804926,0.08317537207256333,0.016968795216963796,0.08544201859433205,0.10276442580987731,-0.30433275235945684,-0.02854589405165677,-0.45264411481243827,0.10487301603153083,0.051103916568164404,0.07185313168403024,0.16892396228238032,0.053650921903341066,0.10465891503732862,-0.005047248560200238,-0.0238699902508041,-0.03788855617341007,-0.171471079205123,-0.05742178467448866,0.006672787347067831,-0.11026892253761417,-0.08656342158395838,-0.07997313907614727,-0.12183439909218856,0.09930467895278582,0.018692238680905193
Great Crested Flycatcher,0.28156752835157073,0.02748715637485086,0.06262747320735514,0.022552145477502488,0.07602498720498671,0.09560664854451265,-0.2743838766815158,-0.022756698139700174,-0.4068948692898977,0.08702145631638211,0.03578006912571707,0.09014094115660587,0.17758811429493826,0.06661793330624123,0.11919387627031597,0.006068746771691549,-0.0002456846873016026,-0.01779070873842638,-0.14391540278997855,-0.043512415795166834,0.019040601652845,-0.07436245248717292,-0.07305052654817171,-0.0652987699702481,-0.09594002426704976,0.09771489061663909,0.017293750245133962
White-eyed Vireo,0.293548930072024,0.03498376030590668,0.06971930820350992,0.02295210376744658,0.07939678227679008,0.09880287592130761,-0.280757390163335,-0.023524090035037967,-0.4153867496340675,0.09639875050610551,0.03914159256024387,0.08738740209796904,0.18178157268989087,0.05924920602861209,0.11105747088469901,-0.006725779062832121,-0.010490995533601501,-0.024407382525246,-0.15017592335493796,-0.0509716318442855,0.021412773280783618,-0.0769095216474972,-0.07372857983350356,-0.06847910285662498,-0.10722954845192817,0.10133444582340484,0.0050236595265401125
Eastern Phoebe,0.3192883063622492,0.052372672992193135,0.06932232659148088,-0.005822297840399749,0.050760661080894255,0.07112190834000669,-0.3068083487948096,-0.029309305864647278,-0.47195681746613827,0.09690475222291871,0.05648601249814423,0.07567389208834129,0.19638525615389354,0.07633670630789674,0.11093020869217775,0.0029188953484299814,-0.010377378461101518,-0.024695939204436104,-0.16540847893634517,-0.020826328454731244,0.020010717166110595,-0.08846604849720732,-0.06933869614841338,-0.06923897136692295,-0.10483233242976725,0.09881755561642361,0.020453072478109006
Blue-gray Gnatcatcher,0.332241944485707,0.05625448319162045,0.08123623737793825,0.0007366864871226191,0.05738724515855067,0.07554312340545442,-0.3139149031066078,-0.02922498532330663,-0.4798922882541041,0.10283077875121228,0.05022998315088066,0.07693125338152206,0.1824851615209046,0.06361291381379686,0.11007025213963417,0.0007552269465687657,-0.021567654186748532,-0.034837777608704774,-0.1768062155909716,-0.020105816311677002,0.004972221580935293,-0.10528435109776897,-0.08155998989892056,-0.07818611837206516,-0.11876137644981082,0.10135931480348925,0.012706437637333942
Ruby-crowned Kinglet,0.3289463684462375,0.047688343917997526,0.07184363908529996,0.007432893066268316,0.06644274335205534,0.0869252025287983,-0.31193653047636355,-0.03105518544696512,-0.46121757356269694,0.1019188287349209,0.0521638882223405,0.08034108835521954,0.18610858455000828,0.06550882879288351,0.11016885640972064,-0.00922747279041211,-0.022104248479300908,-0.03542768839143389,-0.17308183911984404,-0.038158265734707784,0.010615293664791048,-0.09522123501890915,-0.08520295322530409,-0.08969269423691967,-0.12385925951447567,0.10238494021839574,0.012884889087079056
Canada Goose,0.29382821338948323,0.00563105484151043,0.03477068139502857,0.03342953430963609,0.0484136211391702,0.08146602951180441,-0.32221823204407607,-0.036153639977319574,-0.4278999827626655,0.08260657932720256,0.0348257819506784,0.1318966428256882,0.20950803784635696,0.1224465363215432,0.1659128104241752,0.04056992053644107,0.0445671530400396,0.01650532686425051,-0.13287559981480807,-0.025966014766060495,0.02269256807569442,-0.07261751544964434,-0.05960205787782466,-0.03770642601558835,-0.0785208398595114,0.13721422122461113,0.013575205904334834
Black Vulture,0.22615208881758997,0.026088960069220728,0.04355774623003914,-0.0004783199575009323,0.046638397376993865,0.06853561194660067,-0.2266803077761644,-0.014549406733229773,-0.35935317069234735,0.0656008544754562,0.03190507880755759,0.08266014324677827,0.16709045332069564,0.07196550034628448,0.11351837152507481,0.019118609120440493,0.01577481240253768,-0.007827557686360263,-0.10607310120922785,-0.017660375173679462,0.03165554996856883,-0.04963771389558016,-0.042468828057201334,-0.0484411619640825,-0.062362590977312796,0.08367040615147536,0.012984024494999753
Cedar Waxwing,0.2946555428182397,0.02275683857598545,0.04558352236680543,0.004835901081591525,0.04668799901807823,0.07270037927034909,-0.2953285595741036,-0.026453014988869088,-0.43464857923527084,0.07841276875790482,0.05206433325682106,0.08887819889793962,0.19608292705662417,0.09046974270113245,0.11855026293588343,0.006430034240216444,0.010108701782524813,-0.00491280311184385,-0.14920998926424267,-0.02615404692180001,0.02638980047601127,-0.06628789098192454,-0.06312550686397408,-0.059226913744583234,-0.0885288294902947,0.10704624643792855,0.027073632589936423
Red-shouldered Hawk,0.11571416412396142,-0.02624065087700272,-0.008022100693884801,0.006847603677172856,0.02072241383449781,0.04348056779615176,-0.1393581474585226,-0.002362308648621797,-0.20890775470902584,0.029665170807035127,0.005243541179177917,0.06915362717323623,0.1084512267315056,0.09677500457220002,0.09467209766572443,0.03126501265675942,0.0761908207519428,0.03681241712255941,-0.03802293143922191,-0.025785035573127297,0.028435333966458625,-0.016996161097235934,-0.017852881721163196,-0.01791354976191734,-0.020616648022182424,0.06656984866100576,-0.012064701240329635
Turkey Vulture,0.171334389626717,0.0027725609480649983,0.01135390071848108,-0.046527628587850596,-0.02774412507412532,-0.008208616759311805,-0.29183726721708847,-0.01504949817340764,-0.34217018083845696,0.08637613849938068,0.08433721027609815,0.12272489088807033,0.2775055071606892,0.14632146246352218,0.18073029721059225,0.06717576778040546,0.07155873426874873,0.04262709661045323,-0.034764428589471714,0.05835503998660821,0.1199100644321807,0.005180066451313922,-0.012894301982373681,-0.0020911829986189597,0.000820679730892369,0.1162252430057958,0.02634173588213252
Pileated Woodpecker,0.02774036320062541,-0.0033710542787141755,-0.016213480838339813,-0.03305254868663658,-0.01944279621286269,-0.018694396752049647,-0.04516329091712683,-0.0020894527982641014,-0.0779564792798632,-0.005913724943181816,0.0030172253652658095,0.02606231907202006,0.04292470454066974,0.01667210376715453,0.041262880656621724,0.022509339157516003,0.026346886273176075,0.013612205082795266,0.003191509961607041,0.03513197592030049,0.008093310766685641,-0.0019444717342223,-0.0036626660137314185,0.021538411173996796,0.012680965634817977,-0.004577129315252252,-0.02387216072816606
White-throated Sparrow,0.0172541109822246,-0.006208770349635132,-0.00527238506884712,-0.024624055759233997,-0.014872867045908757,-0.010645092447674472,-0.0267454745713899,-0.03283229928135864,-0.10554233882555838,-0.0019233508281628802,0.007243238242292458,-0.006878572454817868,0.04414958187235835,0.014359294417701274,-0.0004907483872554951,0.008558707044740885,0.036069046807457025,-0.006368217164230845,0.013521300434775719,0.02788754403398021,0.015946588724553908,0.008690808325986002,0.017992285916447772,-0.011683639851685076,0.01975706642990576,0.01091055067299711,0.03226910054274927
